Workbook

Sheet Resumen
A1: Verificación de Atlas Estructuras 3D contra problemas resueltos
A2: Informe generado el 05/10/2026. Cada hoja «Ej …» recrea un ejercicio, compara la solución de libro (o la fórmula cerrada) con el resultado del programa y muestra las fórmulas.
A4: Resultado global
A5: Ejercicios que verifican (verifican | total) | E5: =COUNTIF(G8:G52,"VERIFICA") | F5: =ROWS(G8:G52)
A6: Comprobaciones dentro de tolerancia (dentro | total) | E6: =SUM(F8:F52) | F6: =SUM(E8:E52)
A7: ID | B7: Tipo | C7: Ejercicio | D7: Fuente | E7: Comprobaciones | F7: Dentro de tolerancia | G7: Estado
A8: A01 | B8: Resultado publicado | C8: Cercha plana de 3 barras (carga horizontal) | D8: Prof. R. Austin, Univ. de Maryland, ENCE 353 · «Direct Stiffness Method» (apuntes de cátedra) | E8: ='Ej A01'!E22 | F8: ='Ej A01'!D22 | G8: =IF(F8=E8,"VERIFICA","DIFIERE")
A9: A02 | B9: Resultado publicado | C9: Cercha plana de 5 barras (cuadrado con diagonal) | D9: Prof. R. Austin, Univ. de Maryland, ENCE 353 · «Direct Stiffness Method» (apuntes de cátedra) | E9: ='Ej A02'!E25 | F9: ='Ej A02'!D25 | G9: =IF(F9=E9,"VERIFICA","DIFIERE")
A10: A03 | B10: Resultado publicado | C10: Cercha plana de 6 barras (cuadrado con dos diagonales) | D10: Prof. R. Austin, Univ. de Maryland, ENCE 353 · «Direct Stiffness Method» (apuntes de cátedra) | E10: ='Ej A03'!E27 | F10: ='Ej A03'!D27 | G10: =IF(F10=E10,"VERIFICA","DIFIERE")
A11: A04 | B11: Resultado publicado | C11: Emparrillado en L empotrado en ambos extremos (flexión + torsión) | D11: Univ. de Memphis, CIVL 7117 · capítulo 5b, ejemplo de emparrillado (apuntes de cátedra) | E11: ='Ej A04'!E31 | F11: ='Ej A04'!D31 | G11: =IF(F11=E11,"VERIFICA","DIFIERE")
A12: A05 | B12: Resultado publicado | C12: Barra traccionada IPB 120: resistencia por fluencia (ejemplo INTI-CIRSOC 4) | D12: INTI-CIRSOC · «Ejemplos de aplicación del Reglamento CIRSOC 301-EL» (Ejemplos 4, 5 y 6) | E12: ='Ej A05'!E24 | F12: ='Ej A05'!D24 | G12: =IF(F12=E12,"VERIFICA","DIFIERE")
A13: A06 | B13: Resultado publicado | C13: Viga IPE 500 de 16 m: esfuerzos mayorados 1,2D + 1,6L (ejemplo INTI-CIRSOC 5) | D13: INTI-CIRSOC · «Ejemplos de aplicación del Reglamento CIRSOC 301-EL» (Ejemplos 4, 5 y 6) | E13: ='Ej A06'!E26 | F13: ='Ej A06'!D26 | G13: =IF(F13=E13,"VERIFICA","DIFIERE")
A14: A07 | B14: Resultado publicado | C14: Viga PNI 300 de 10 m: momento mayorado y resistencia φb·Mp (ejemplo INTI-CIRSOC 6) | D14: INTI-CIRSOC · «Ejemplos de aplicación del Reglamento CIRSOC 301-EL» (Ejemplos 4, 5 y 6) | E14: ='Ej A07'!E24 | F14: ='Ej A07'!D24 | G14: =IF(F14=E14,"VERIFICA","DIFIERE")
A15: A08 | B15: Resultado publicado | C15: Columna W14×74, A36, KL = 20 ft: resistencia a compresión (apuntes MSU, ej. 3.2) | D15: Michigan State Univ., CE 405 «Design of Steel Structures», cap. 3 «Compression members» (ejemplos 3.2 y 3.4, AISC-LRFD 1999) | E15: ='Ej A08'!E36 | F15: ='Ej A08'!D36 | G15: =IF(F15=E15,"VERIFICA","DIFIERE")
A16: A09 | B16: Resultado publicado | C16: Columna W14×132, Fy = 50 ksi, longitudes distintas por eje (apuntes MSU, ej. 3.4) | D16: Michigan State Univ., CE 405 «Design of Steel Structures», cap. 3 «Compression members» (ejemplos 3.2 y 3.4, AISC-LRFD 1999) | E16: ='Ej A09'!E37 | F16: ='Ej A09'!D37 | G16: =IF(F16=E16,"VERIFICA","DIFIERE")
A17: C01 | B17: Solución clásica | C17: Viga biapoyada con carga uniforme (D + L y combinaciones) | D17: Soluciones clásicas de resistencia de materiales y análisis estructural (tablas de vigas, método de pendiente-deflexión, método de los nudos, castigliano) | E17: ='Ej C01'!E27 | F17: ='Ej C01'!D27 | G17: =IF(F17=E17,"VERIFICA","DIFIERE")
A18: C02 | B18: Solución clásica | C18: Voladizo con carga puntual en el extremo | D18: Soluciones clásicas de resistencia de materiales y análisis estructural (tablas de vigas, método de pendiente-deflexión, método de los nudos, castigliano) | E18: ='Ej C02'!E23 | F18: ='Ej C02'!D23 | G18: =IF(F18=E18,"VERIFICA","DIFIERE")
A19: C03 | B19: Solución clásica | C19: Voladizo con carga uniforme | D19: Soluciones clásicas de resistencia de materiales y análisis estructural (tablas de vigas, método de pendiente-deflexión, método de los nudos, castigliano) | E19: ='Ej C03'!E21 | F19: ='Ej C03'!D21 | G19: =IF(F19=E19,"VERIFICA","DIFIERE")
A20: C04 | B20: Solución clásica | C20: Viga biempotrada con carga uniforme | D20: Soluciones clásicas de resistencia de materiales y análisis estructural (tablas de vigas, método de pendiente-deflexión, método de los nudos, castigliano) | E20: ='Ej C04'!E21 | F20: ='Ej C04'!D21 | G20: =IF(F20=E20,"VERIFICA","DIFIERE")
A21: C05 | B21: Solución clásica | C21: Viga continua de dos tramos iguales con carga uniforme | D21: Soluciones clásicas de resistencia de materiales y análisis estructural (tablas de vigas, método de pendiente-deflexión, método de los nudos, castigliano) | E21: ='Ej C05'!E22 | F21: ='Ej C05'!D22 | G21: =IF(F21=E21,"VERIFICA","DIFIERE")
A22: C06 | B22: Solución clásica | C22: Viga empotrada–apoyada con carga uniforme | D22: Soluciones clásicas de resistencia de materiales y análisis estructural (tablas de vigas, método de pendiente-deflexión, método de los nudos, castigliano) | E22: ='Ej C06'!E21 | F22: ='Ej C06'!D21 | G22: =IF(F22=E22,"VERIFICA","DIFIERE")
A23: C07 | B23: Solución clásica | C23: Viga Gerber (articulación intermedia) | D23: Soluciones clásicas de resistencia de materiales y análisis estructural (tablas de vigas, método de pendiente-deflexión, método de los nudos, castigliano) | E23: ='Ej C07'!E23 | F23: ='Ej C07'!D23 | G23: =IF(F23=E23,"VERIFICA","DIFIERE")
A24: C08 | B24: Solución clásica | C24: Reticulado plano triangular (método de los nudos) | D24: Soluciones clásicas de resistencia de materiales y análisis estructural (tablas de vigas, método de pendiente-deflexión, método de los nudos, castigliano) | E24: ='Ej C08'!E26 | F24: ='Ej C08'!D26 | G24: =IF(F24=E24,"VERIFICA","DIFIERE")
A25: C09 | B25: Solución clásica | C25: Reticulado espacial: trípode con carga vertical y horizontal | D25: Soluciones clásicas de resistencia de materiales y análisis estructural (tablas de vigas, método de pendiente-deflexión, método de los nudos, castigliano) | E25: ='Ej C09'!E28 | F25: ='Ej C09'!D28 | G25: =IF(F25=E25,"VERIFICA","DIFIERE")
A26: C10 | B26: Solución clásica | C26: Pórtico plano articulado en la base con carga lateral | D26: Soluciones clásicas de resistencia de materiales y análisis estructural (tablas de vigas, método de pendiente-deflexión, método de los nudos, castigliano) | E26: ='Ej C10'!E29 | F26: ='Ej C10'!D29 | G26: =IF(F26=E26,"VERIFICA","DIFIERE")
A27: C11 | B27: Solución clásica | C27: Pórtico plano empotrado en la base con carga lateral | D27: Soluciones clásicas de resistencia de materiales y análisis estructural (tablas de vigas, método de pendiente-deflexión, método de los nudos, castigliano) | E27: ='Ej C11'!E31 | F27: ='Ej C11'!D31 | G27: =IF(F27=E27,"VERIFICA","DIFIERE")
A28: C12 | B28: Solución clásica | C28: Pórtico plano empotrado con carga uniforme en el dintel | D28: Soluciones clásicas de resistencia de materiales y análisis estructural (tablas de vigas, método de pendiente-deflexión, método de los nudos, castigliano) | E28: ='Ej C12'!E29 | F28: ='Ej C12'!D29 | G28: =IF(F28=E28,"VERIFICA","DIFIERE")
A29: C13 | B29: Solución clásica | C29: Ménsula en L en el espacio (flexión + torsión) | D29: Soluciones clásicas de resistencia de materiales y análisis estructural (tablas de vigas, método de pendiente-deflexión, método de los nudos, castigliano) | E29: ='Ej C13'!E27 | F29: ='Ej C13'!D27 | G29: =IF(F29=E29,"VERIFICA","DIFIERE")
A30: C14 | B30: Solución clásica | C30: Columna en voladizo con cargas horizontales en los dos ejes | D30: Soluciones clásicas de resistencia de materiales y análisis estructural (tablas de vigas, método de pendiente-deflexión, método de los nudos, castigliano) | E30: ='Ej C14'!E25 | F30: ='Ej C14'!D25 | G30: =IF(F30=E30,"VERIFICA","DIFIERE")
A31: C15 | B31: Solución clásica | C31: Barra girada (ángulo β): eje fuerte, débil e inclinado | D31: Soluciones clásicas de resistencia de materiales y análisis estructural (tablas de vigas, método de pendiente-deflexión, método de los nudos, castigliano) | E31: ='Ej C15'!E22 | F31: ='Ej C15'!D22 | G31: =IF(F31=E31,"VERIFICA","DIFIERE")
A32: C16 | B32: Solución clásica | C32: Voladizo inclinado 30° con carga vertical | D32: Soluciones clásicas de resistencia de materiales y análisis estructural (tablas de vigas, método de pendiente-deflexión, método de los nudos, castigliano) | E32: ='Ej C16'!E29 | F32: ='Ej C16'!D29 | G32: =IF(F32=E32,"VERIFICA","DIFIERE")
A33: C17 | B33: Solución clásica | C33: Peso propio del perfil | D33: Soluciones clásicas de resistencia de materiales y análisis estructural (tablas de vigas, método de pendiente-deflexión, método de los nudos, castigliano) | E33: ='Ej C17'!E21 | F33: ='Ej C17'!D21 | G33: =IF(F33=E33,"VERIFICA","DIFIERE")
A34: N01 | B34: Solución clásica | C34: Carga y momento puntuales dentro del tramo (viga biapoyada, plano fuerte y débil) | D34: Soluciones clásicas: Timoshenko «Resistencia de materiales» y «Theory of Elastic Stability» (Timoshenko & Gere), Roark «Formulas for Stress and Strain», método de pendiente-deflexión, Ghali & Neville «Structural Analysis» (efectos térmicos y asentamientos) | E34: ='Ej N01'!E40 | F34: ='Ej N01'!D40 | G34: =IF(F34=E34,"VERIFICA","DIFIERE")
A35: N02 | B35: Solución clásica | C35: Carga uniforme parcial (viga biapoyada) | D35: Soluciones clásicas: Timoshenko «Resistencia de materiales» y «Theory of Elastic Stability» (Timoshenko & Gere), Roark «Formulas for Stress and Strain», método de pendiente-deflexión, Ghali & Neville «Structural Analysis» (efectos térmicos y asentamientos) | E35: ='Ej N02'!E33 | F35: ='Ej N02'!D33 | G35: =IF(F35=E35,"VERIFICA","DIFIERE")
A36: N03 | B36: Solución clásica | C36: Carga trapezoidal sobre toda la luz (uniforme + triangular) | D36: Soluciones clásicas: Timoshenko «Resistencia de materiales» y «Theory of Elastic Stability» (Timoshenko & Gere), Roark «Formulas for Stress and Strain», método de pendiente-deflexión, Ghali & Neville «Structural Analysis» (efectos térmicos y asentamientos) | E36: ='Ej N03'!E27 | F36: ='Ej N03'!D27 | G36: =IF(F36=E36,"VERIFICA","DIFIERE")
A37: N04 | B37: Solución clásica | C37: Temperatura: variación uniforme y gradiente en el canto | D37: Soluciones clásicas: Timoshenko «Resistencia de materiales» y «Theory of Elastic Stability» (Timoshenko & Gere), Roark «Formulas for Stress and Strain», método de pendiente-deflexión, Ghali & Neville «Structural Analysis» (efectos térmicos y asentamientos) | E37: ='Ej N04'!E30 | F37: ='Ej N04'!D30 | G37: =IF(F37=E37,"VERIFICA","DIFIERE")
A38: N05 | B38: Solución clásica | C38: Apoyos elásticos: resorte vertical y resorte de giro | D38: Soluciones clásicas: Timoshenko «Resistencia de materiales» y «Theory of Elastic Stability» (Timoshenko & Gere), Roark «Formulas for Stress and Strain», método de pendiente-deflexión, Ghali & Neville «Structural Analysis» (efectos térmicos y asentamientos) | E38: ='Ej N05'!E36 | F38: ='Ej N05'!D36 | G38: =IF(F38=E38,"VERIFICA","DIFIERE")
A39: N06 | B39: Solución clásica | C39: Asentamientos impuestos de apoyo | D39: Soluciones clásicas: Timoshenko «Resistencia de materiales» y «Theory of Elastic Stability» (Timoshenko & Gere), Roark «Formulas for Stress and Strain», método de pendiente-deflexión, Ghali & Neville «Structural Analysis» (efectos térmicos y asentamientos) | E39: ='Ej N06'!E39 | F39: ='Ej N06'!D39 | G39: =IF(F39=E39,"VERIFICA","DIFIERE")
A40: N07 | B40: Solución clásica | C40: Uniones semirrígidas (resorte de giro en el extremo de la barra) | D40: Soluciones clásicas: Timoshenko «Resistencia de materiales» y «Theory of Elastic Stability» (Timoshenko & Gere), Roark «Formulas for Stress and Strain», método de pendiente-deflexión, Ghali & Neville «Structural Analysis» (efectos térmicos y asentamientos) | E40: ='Ej N07'!E33 | F40: ='Ej N07'!D33 | G40: =IF(F40=E40,"VERIFICA","DIFIERE")
A41: N08 | B41: Solución clásica | C41: Deformación por corte (Timoshenko): voladizo y viga corta | D41: Soluciones clásicas: Timoshenko «Resistencia de materiales» y «Theory of Elastic Stability» (Timoshenko & Gere), Roark «Formulas for Stress and Strain», método de pendiente-deflexión, Ghali & Neville «Structural Analysis» (efectos térmicos y asentamientos) | E41: ='Ej N08'!E26 | F41: ='Ej N08'!D26 | G41: =IF(F41=E41,"VERIFICA","DIFIERE")
A42: N10 | B42: Solución clásica | C42: Propiedades de secciones armadas: PS soldada, perfil + platabanda y cajón | D42: Soluciones clásicas: Timoshenko «Resistencia de materiales» y «Theory of Elastic Stability» (Timoshenko & Gere), Roark «Formulas for Stress and Strain», método de pendiente-deflexión, Ghali & Neville «Structural Analysis» (efectos térmicos y asentamientos) | E42: ='Ej N10'!E55 | F42: ='Ej N10'!D55 | G42: =IF(F42=E42,"VERIFICA","DIFIERE")
A43: N13 | B43: Solución clásica | C43: Segundo orden: voladizo y viga biapoyada comprimidos (solución exacta de la viga-columna) | D43: Soluciones clásicas: Timoshenko «Resistencia de materiales» y «Theory of Elastic Stability» (Timoshenko & Gere), Roark «Formulas for Stress and Strain», método de pendiente-deflexión, Ghali & Neville «Structural Analysis» (efectos térmicos y asentamientos) | E43: ='Ej N13'!E43 | F43: ='Ej N13'!D43 | G43: =IF(F43=E43,"VERIFICA","DIFIERE")
A44: N15 | B44: Solución clásica | C44: Segundo orden con deformación por corte: viga-columna corta de Timoshenko | D44: Soluciones clásicas: Timoshenko «Resistencia de materiales» y «Theory of Elastic Stability» (Timoshenko & Gere), Roark «Formulas for Stress and Strain», método de pendiente-deflexión, Ghali & Neville «Structural Analysis» (efectos térmicos y asentamientos) | E44: ='Ej N15'!E34 | F44: ='Ej N15'!D34 | G44: =IF(F44=E44,"VERIFICA","DIFIERE")
A45: N16 | B45: Solución clásica | C45: Pórtico plano empotrado con P-Δ: contraste con PyNite FEA 3.2 | D45: Contraste con PyNite FEA 3.2.0 (análisis P-Δ iterativo, cada columna dividida en 16 elementos). Los números son los que entregó PyNite al correr el mismo pórtico; no hay solución cerrada. | E45: ='Ej N16'!E27 | F45: ='Ej N16'!D27 | G45: =IF(F45=E45,"VERIFICA","DIFIERE")
A46: F01 | B46: Fórmulas del Reglamento | C46: Compresión: columnas IPE 200 con distintas longitudes efectivas por eje | D46: Fórmulas del Reglamento CIRSOC 301-2005 (capítulos D, E, F, H) recalculadas aparte; no provienen de un ejemplo publicado | E46: ='Ej F01'!E65 | F46: ='Ej F01'!D65 | G46: =IF(F46=E46,"VERIFICA","DIFIERE")
A47: F02 | B47: Fórmulas del Reglamento | C47: Flexión con pandeo lateral-torsional: IPE 300 en los tres regímenes | D47: Fórmulas del Reglamento CIRSOC 301-2005 (capítulos D, E, F, H) recalculadas aparte; no provienen de un ejemplo publicado | E47: ='Ej F02'!E64 | F47: ='Ej F02'!D64 | G47: =IF(F47=E47,"VERIFICA","DIFIERE")
A48: F03 | B48: Fórmulas del Reglamento | C48: Flexocompresión biaxial: ecuaciones de interacción H1-1a y H1-1b | D48: Fórmulas del Reglamento CIRSOC 301-2005 (capítulos D, E, F, H) recalculadas aparte; no provienen de un ejemplo publicado | E48: ='Ej F03'!E70 | F48: ='Ej F03'!D70 | G48: =IF(F48=E48,"VERIFICA","DIFIERE")
A49: N09 | B49: Fórmulas del Reglamento | C49: Cb a partir del diagrama de momentos real (LRFD-99 F1-3) | D49: Fórmulas del Reglamento CIRSOC 301-2005 / AISC-LRFD 1999 (apéndice B, caps. E y F) recalculadas aparte; no provienen de un ejemplo publicado. Las constantes están escritas de memoria: cotejarlas con el texto del Reglamento antes de usar el resultado para proyecto. | E49: ='Ej N09'!E56 | F49: ='Ej N09'!D56 | G49: =IF(F49=E49,"VERIFICA","DIFIERE")
A50: N11 | B50: Fórmulas del Reglamento | C50: Pandeo local en compresión: columna soldada con alas esbeltas (factor Qs) | D50: Fórmulas del Reglamento CIRSOC 301-2005 / AISC-LRFD 1999 (apéndice B, caps. E y F) recalculadas aparte; no provienen de un ejemplo publicado. Las constantes están escritas de memoria: cotejarlas con el texto del Reglamento antes de usar el resultado para proyecto. | E50: ='Ej N11'!E53 | F50: ='Ej N11'!D53 | G50: =IF(F50=E50,"VERIFICA","DIFIERE")
A51: N12 | B51: Fórmulas del Reglamento | C51: Flexión de viga soldada: ala no compacta y pandeo lateral-torsional | D51: Fórmulas del Reglamento CIRSOC 301-2005 / AISC-LRFD 1999 (apéndice B, caps. E y F) recalculadas aparte; no provienen de un ejemplo publicado. Las constantes están escritas de memoria: cotejarlas con el texto del Reglamento antes de usar el resultado para proyecto. | E51: ='Ej N12'!E62 | F51: ='Ej N12'!D62 | G51: =IF(F51=E51,"VERIFICA","DIFIERE")
A52: N14 | B52: Fórmulas del Reglamento | C52: Combinaciones de acciones con 0,9D, nieve, viento y sismo (once acciones) | D52: Combinaciones de acciones del CIRSOC 301-2005 (A.4.1) y AISC-LRFD 1999 (A4-1 a A4-6); los factores se cargan en el ejercicio, no se toman del reglamento | E52: ='Ej N14'!E32 | F52: ='Ej N14'!D32 | G52: =IF(F52=E52,"VERIFICA","DIFIERE")

Sheet Notas
A1: Notas, alcance y límites de la verificación
A3: Cómo leer este informe
A4: Qué se compara | B4: Cada ejercicio se arma en el programa (nudos, barras, cargas y combinaciones), se calcula con el mismo motor de la app y se compara el resultado con (a) un número impreso en un libro o apunte, o (b) una fórmula cerrada que se escribe en la hoja con sintaxis de Excel. La columna «Programa» pega el valor que dio la app; la columna «Teoría» es una fórmula viva que se recalcula si cambiás los datos.
A5: Tolerancias | B5: Se fijaron según el origen de la teoría: 0,01 % para fórmulas exactas (el único error es el redondeo numérico), 0,1 a 0,5 % cuando el libro redondea sus cifras, y 1,5 a 2 % donde la fuente es una aproximación (por ejemplo el momento plástico con el Zx de tabla). Están en las columnas «Tol.» y se pueden cambiar.
A6: Colores | B6: Azul sobre fondo amarillo: dato ingresado o valor entregado por el programa. Negro: fórmula de Excel. «Publicado» marca las filas cuyo número está impreso en la fuente; «Fórmula» las que se obtienen de una expresión cerrada.
A7: Dónde reproducirlo | B7: En la app, botón «Ejercicios» (barra superior): lista los 45 ejercicios con su estado, permite cargar cada uno en el lienzo, calcularlo y ver la comparación en la pestaña «Verificación», y volver a correr todo.
A9: Fuentes con resultado publicado
A10: Prof. R. Austin, Univ. de Maryland — ENCE 353, «Direct Stiffness Method» | B10: https://user.eng.umd.edu/~austin/ence353.d/lecture-material2025/direct-stiffness-method.pdf
B11: Tres cerchas planas (A01–A03). Los desplazamientos y axiles publicados coinciden con el programa hasta el redondeo de la fuente.
A12: Univ. de Memphis — CIVL 7117, capítulo 5b (emparrillado) | B12: https://www.ce.memphis.edu/7117/notes/presentations/chapter_05b.pdf
B13: Emparrillado en L con flexión y torsión (A04). La fuente redondea (torsor 1,50 kN·m; la solución exacta es 1,646). Se agregaron filas con la solución exacta deducida por compatibilidad y verificada con PyNite.
A14: INTI-CIRSOC — Ejemplos de aplicación del Reglamento CIRSOC 301-EL | B14: https://www.inti.gob.ar/assets/uploads/files/cirsoc/EJEMPLOS%202/EJEMPLOS%202.2/1_%20ejemplos_301.pdf
B15: Ejemplos 4 (barra traccionada IPB 120, φtPn = 719 kN), 5 (viga IPE 500 de 16 m, Mu = 332,8 kN·m, Vu = 41,6 kN) y 6 (viga PNI 300, Mu = 275 kN·m, φbMp = 161,16 kN·m): A05–A07.
A16: Michigan State Univ. — CE 405 «Design of Steel Structures», cap. 3 | B16: https://www.egr.msu.edu/~harichan/classes/ce405/chap3.pdf
B17: Ejemplos 3.2 (W14×74, φcPn = 408 kip) y 3.4 (W14×132, φcPn ≈ 1 300 kip), con el método AISC-LRFD 1999 (φc = 0,85, parámetro λc) en que se basa el CIRSOC 301-2005: A08 y A09.
A18: Funciones nuevas de la versión 2 (N01–N15) | B18: Soluciones cerradas de la teoría de vigas: viga-columna de Timoshenko & Gere («Theory of Elastic Stability»: tan kL, sec u, carga crítica de Engesser con corte), resistencia de materiales de Timoshenko y Roark (cargas puntuales, parciales, triangulares, momentos puntuales, deformación por corte), pendiente-deflexión con resortes de giro (Monforton & Wu), y Ghali & Neville («Structural Analysis») para temperatura y asentamientos. Las fórmulas se escribieron de memoria como resultados estándar y no se transcribieron de una página concreta: que coincidan con el programa a ~1e-8 sólo ocurre si las dos derivaciones (la del elemento exacto y la fórmula cerrada) son correctas. N16 es un contraste con otro programa (PyNite FEA 3.2, análisis P-Δ con las columnas divididas en 16 elementos) sobre un pórtico plano con 800 kN por columna: el desplazamiento horizontal de segundo orden (5,8115 mm, +13 % sobre el primer orden) coincide en 4 decimales y los momentos de base difieren ≈0,002 %; el descenso vertical difiere 0,07 % porque el elemento exacto no incluye el acortamiento por arqueo.
A19: Límite de N15 | B19: El momento máximo con deformación por corte se dedujo de la misma ecuación diferencial que usa el elemento (M″ + κM = r·w); confirma la implementación numérica pero no es una fuente independiente. Sí es independiente y clásica la carga crítica Pcr = Pe/(1 + Pe/G·As), con la que la fórmula es coherente.
A20: Constantes escritas de memoria | B20: En N09, N11 y N12 (marcados «Fórmulas del Reglamento») las constantes del LRFD-99 / CIRSOC 301-2005 se escribieron de memoria: tope Cb ≤ 2,3; λp = 0,38√(E/Fy); λr = 0,95√(kc·E/FL) y FL = Fy − 114 MPa para perfiles soldados; límite 0,64√(kc·E/Fy) y Qs = 1,415 − 0,65·λ·√(Fy/E)/√kc en compresión; kc = 4/√(h/tw). El ejercicio detecta que el programa las aplique como están escritas, pero NO garantiza que coincidan con el texto del Reglamento: hay que cotejarlas con el CIRSOC 301-2005 antes de usar el resultado en un proyecto.
A21: Cómo se leyeron | B21: Los PDF se leyeron con un lector automático que devuelve resúmenes. Para no depender de una transcripción, los números usados se recalcularon a mano: 719,1 kN = 0,9·235 MPa·3 400 mm²; Mu = (1,2·2 + 1,6·5)·16²/8 = 332,8 kN·m; Vu = 10,4·(8 − 4) = 41,6 kN; φbMp = 0,9·235·762 cm³ = 161,16 kN·m; φcPn de W14×74 = 0,85·21,8·21,99 = 407,5 kip.
A23: Lo que NO se pudo obtener
A24: Libros completos | B24: No se pudo leer el texto de Kassimali, McGuire–Gallagher–Ziemian ni de Hibbeler: los PDF disponibles son demasiado grandes para el lector o no están publicados en forma abierta. No se usaron copias pirata. Los problemas de esos libros no están en este informe.
A25: Apuntes bloqueados | B25: Las guías de la UTN Facultad Regional Mendoza (CIRSOC 301) y otros repositorios impiden el acceso automático (robots.txt); no se eludió la restricción. Del documento del INTI sólo se pudo verificar con confianza los ejemplos 4 a 6; el ejemplo 6 completo (PNI 300 con platabanda soldada) no se reproduce: aquí sólo se verifican Mu y φb·Mp del perfil solo. Las propiedades de las secciones armadas de la versión 2 (PS soldada, perfil + platabanda, cajón) se verifican aparte en N10.
A26: Pedido | B26: Si me pasás fotos o PDF de problemas resueltos de tus propios libros (con su resultado), los cargo del mismo modo y se agregan a este informe.
A28: Resultados que no coinciden exactamente (y por qué)
A29: A04 – torsor publicado | B29: La fuente da 1,50 kN·m y la solución exacta del problema es 1,646 kN·m (el programa y PyNite coinciden con la exacta). Diferencia atribuible al redondeo del apunte.
A30: A07 – momento plástico | B30: El programa estima el módulo plástico Zx con la geometría simplificada de la sección y da 768 cm³ para el PNI 300; la tabla indica 762 cm³ (+0,8 %). Es una aproximación del programa, no un error del solver.
A31: A08 y A09 – columnas | B31: La diferencia de −0,17 % y −0,25 % respecto de lo impreso viene del redondeo del libro y de usar el radio de giro calculado (√(I/A)) en lugar del tabulado.
A32: Perfiles IPE – Zx | B32: Con la geometría simplificada (sin el acuerdo alma-ala) el programa subestima el módulo plástico respecto de la tabla en torno de 4 a 6 % (hoja «Control Zx IPE»). Es del lado seguro (reduce φbMp), pero hace que las barras IPE den en flexión un r algo mayor que el real. Se informa como observación; el catálogo de la app no se modificó.
A34: Límites del programa que esta verificación NO cubre
A35: Análisis | B35: Segundo orden opcional por iteración sobre el axil de cada barra con funciones de estabilidad exactas (P-Δ y P-δ). No incluye imperfecciones iniciales ni cargas nocionales (la opción de rigidez reducida DAM no agrega nocionales), ni el acoplamiento axil-torsión, ni el alabeo restringido en el análisis (el Cw sólo interviene en la resistencia). Material elástico lineal; apoyos lineales.
A36: Resistencia | B36: Tracción: sólo fluencia de la sección bruta (sin rotura de la sección neta). Flexocompresión con alma esbelta y cajones de almas esbeltas: aproximados. Sin uniones, anclajes, excentricidades, fatiga ni fuego. J y Cw de los perfiles laminados son aproximados (J ≈ 1,3·Σbt³/3).
A37: Generadores de viento y sismo | B37: Los coeficientes de tabla (Cf, G, V, coeficiente sísmico C, pesos) los carga el usuario; el programa aplica las fórmulas de presión y reparto. Los generadores se probaron en la app (qz recalculado aparte, ΣF = C·W), pero no están en estos ejercicios; las combinaciones se verifican en N14 con los factores cargados en el propio ejercicio.
A38: Alcance de la prueba | B38: Un problema de libro sólo prueba los casos que cubre: estas 45 pruebas dan confianza razonable en el solver (desplazamientos, reacciones, esfuerzos, torsión, ejes locales, combinaciones, cargas de barra, resortes, asentamientos, uniones semirrígidas, deformación por corte y segundo orden) y en la implementación de las fórmulas de resistencia, pero no reemplazan la revisión del proyecto por un profesional.
A40: Prueba de sensibilidad (¿detectan los ejercicios un error?)
A41: Método | B41: Se alteró a propósito el código del programa, de a una modificación por vez, y se volvieron a correr los 45 ejercicios. Las 33 alteraciones fueron detectadas por al menos un ejercicio:
A42: φc 0,85→0,90 | B42: Detectado por: A08, A09, F01, F03, N11
A43: Lp 1,76→1,70 | B43: Detectado por: F02, F03, N12
A44: interacción 8/9→8/10 | B44: Detectado por: F03
A45: corte 0,6→0,5 (alma) | B45: Detectado por: F02
A46: curva de columna 0,658→0,66 | B46: Detectado por: A08, F01, N11
A47: pandeo débil usa kls | B47: Detectado por: A09, F01
A48: rigidez torsional GJ +5 % | B48: Detectado por: A04, C13
A49: carga parcial: ignora el fin b | B49: Detectado por: N02
A50: trapecio: w2 → w1 | B50: Detectado por: N03
A51: carga puntual: signo | B51: Detectado por: N01
A52: temperatura uniforme −10 % | B52: Detectado por: N04
... A74: signo del axil | B74: Detectado por: A01, A02, A03, C08, C09, C16, A05, A08, A09, F01, F03, N04, N13, N15

Sheet Control Zx IPE
A1: Módulo plástico Zx de los IPE: programa vs tabla
A2: Zx programa = b·tf·(h − tf) + tw·(h − 2tf)²/4 (geometría simplificada del programa; el tope 1,5·Sx no interviene en estos perfiles). Zx tabla = Wpl,y de las tablas de perfiles IPE.
A4: Perfil | B4: h (mm) | C4: b (mm) | D4: tw (mm) | E4: tf (mm) | F4: Wpl,y tabla (cm³) | G4: Zx programa (cm³) | H4: Programa / tabla − 1
A5: IPE 100 | B5: 100 | C5: 55 | D5: 4.1 | E5: 5.7 | F5: 39.4 | G5: =(C5*E5*(B5-E5)+D5*(B5-2*E5)^2/4)/1000 | H5: =G5/F5-1
A6: IPE 200 | B6: 200 | C6: 100 | D6: 5.6 | E6: 8.5 | F6: 220.6 | G6: =(C6*E6*(B6-E6)+D6*(B6-2*E6)^2/4)/1000 | H6: =G6/F6-1
A7: IPE 240 | B7: 240 | C7: 120 | D7: 6.2 | E7: 9.8 | F7: 366.6 | G7: =(C7*E7*(B7-E7)+D7*(B7-2*E7)^2/4)/1000 | H7: =G7/F7-1
A8: IPE 300 | B8: 300 | C8: 150 | D8: 7.1 | E8: 10.7 | F8: 628.4 | G8: =(C8*E8*(B8-E8)+D8*(B8-2*E8)^2/4)/1000 | H8: =G8/F8-1
A9: IPE 400 | B9: 400 | C9: 180 | D9: 8.6 | E9: 13.5 | F9: 1307 | G9: =(C9*E9*(B9-E9)+D9*(B9-2*E9)^2/4)/1000 | H9: =G9/F9-1
A11: Los valores de h, b, tw, tf y Wpl,y son de tabla (Wpl,y: catálogos de IPE EN 10365). La diferencia negativa indica que el programa es conservador en flexión.

Sheet Ej A01
A1: A01 · Cercha plana de 3 barras (carga horizontal)
A2: Resultado publicado. Fuente: Prof. R. Austin, Univ. de Maryland, ENCE 353 · «Direct Stiffness Method» (apuntes de cátedra)
A3: https://user.eng.umd.edu/~austin/ence353.d/lecture-material2025/direct-stiffness-method.pdf
A4: Enunciado. Cercha en el plano XZ: nudo 1 (0,0) articulado, nudo 2 (10,0) con apoyo móvil vertical, nudo 3 (0,10) libre con carga horizontal de 10. Las tres barras tienen E = A = 1. Se comparan desplazamientos y esfuerzos axiles publicados.
A6: DATOS DEL EJERCICIO
A7: # | B7: Dato | C7: Unidad | D7: Valor | K7: Símbolo | L7: Fórmula (texto)
A8: 1 | B8: Módulo elástico adoptado (EA = 1000 N) | C8: MPa | D8: 1000 | K8: E | L8: dato ingresado
A9: 2 | B9: Área de cada barra (la fuente adopta E = A = 1) | C9: mm² | D9: 1 | K9: A | L9: dato ingresado
A10: 3 | B10: Carga de la fuente (valor 10) | C10: kN | D10: 10 | K10: F | L10: dato ingresado
A11: 4 | B11: Lado del cuadrado de la fuente (valor 10) | C11: mm | D11: 10 | K11: a | L11: dato ingresado
A13: COMPARACIÓN: TEORÍA / DATO PUBLICADO vs PROGRAMA (Atlas Estructuras 3D)
A14: # | B14: Comprobación | C14: Unidad | D14: Teoría / publicado | E14: Programa | F14: Diferencia (prog. − teoría) | G14: Error relativo | H14: Tol. relativa | I14: Tol. absoluta | J14: Estado | K14: Origen | L14: Expresión de la teoría (texto) | M14: Dónde se lee en el programa | N14: Nota
A15: 1 | B15: Desplazamiento horizontal del nudo 2 | C15: mm | D15: =100 | E15: 100 | F15: =E15-D15 | G15: =IF(ABS(D15)>0.000000000001,F15/D15,"—") | H15: 1e-05 | I15: 1e-06 | J15: =IF(ABS(F15)<=MAX(H15*ABS(D15),I15),"OK","NO") | K15: Publicado | L15: 100 | M15: Desplazamiento Ux del nudo 2 · combinación «C1: 1,0·D + 1,0·Hx»
A16: 2 | B16: Desplazamiento horizontal del nudo 3 | C16: mm | D16: =482.843 | E16: 482.84271 | F16: =E16-D16 | G16: =IF(ABS(D16)>0.000000000001,F16/D16,"—") | H16: 2e-06 | I16: 1e-06 | J16: =IF(ABS(F16)<=MAX(H16*ABS(D16),I16),"OK","NO") | K16: Publicado | L16: 482.843 | M16: Desplazamiento Ux del nudo 3 · combinación «C1: 1,0·D + 1,0·Hx»
A17: 3 | B17: Desplazamiento vertical del nudo 3 | C17: mm | D17: =100 | E17: 100 | F17: =E17-D17 | G17: =IF(ABS(D17)>0.000000000001,F17/D17,"—") | H17: 1e-05 | I17: 1e-06 | J17: =IF(ABS(F17)<=MAX(H17*ABS(D17),I17),"OK","NO") | K17: Publicado | L17: 100 | M17: Desplazamiento Uz del nudo 3 · combinación «C1: 1,0·D + 1,0·Hx»
A18: 4 | B18: Esfuerzo axil barra 1 (1–2), tracción + | C18: kN | D18: =10 | E18: 10 | F18: =E18-D18 | G18: =IF(ABS(D18)>0.000000000001,F18/D18,"—") | H18: 1e-05 | I18: 1e-06 | J18: =IF(ABS(F18)<=MAX(H18*ABS(D18),I18),"OK","NO") | K18: Publicado | L18: 10 | M18: Barra 1, en x = 0.5·L, esfuerzo axil N (tracción +) · combinación «C1: 1,0·D + 1,0·Hx»
A19: 5 | B19: Esfuerzo axil barra 2 (1–3) | C19: kN | D19: =10 | E19: 10 | F19: =E19-D19 | G19: =IF(ABS(D19)>0.000000000001,F19/D19,"—") | H19: 1e-05 | I19: 1e-06 | J19: =IF(ABS(F19)<=MAX(H19*ABS(D19),I19),"OK","NO") | K19: Publicado | L19: 10 | M19: Barra 2, en x = 0.5·L, esfuerzo axil N (tracción +) · combinación «C1: 1,0·D + 1,0·Hx»
A20: 6 | B20: Esfuerzo axil barra 3 (2–3), compresión − | C20: kN | D20: =-14.142136 | E20: -14.142136 | F20: =E20-D20 | G20: =IF(ABS(D20)>0.000000000001,F20/D20,"—") | H20: 1e-05 | I20: 1e-06 | J20: =IF(ABS(F20)<=MAX(H20*ABS(D20),I20),"OK","NO") | K20: Publicado | L20: -14.142136 | M20: Barra 3, en x = 0.5·L, esfuerzo axil N (tracción +) · combinación «C1: 1,0·D + 1,0·Hx»
B22: Comprobaciones dentro de tolerancia | D22: =COUNTIF(J15:J20,"OK") | E22: =ROWS(J15:J20) | F22: =IF(D22=E22,"VERIFICA","DIFIERE")
B23: Azul = dato ingresado o valor que entregó el programa (pegado); negro = fórmula de Excel. El valor «Programa» es el resultado del motor de cálculo de la app para el mismo modelo.

Sheet Ej A02
A1: A02 · Cercha plana de 5 barras (cuadrado con diagonal)
A2: Resultado publicado. Fuente: Prof. R. Austin, Univ. de Maryland, ENCE 353 · «Direct Stiffness Method» (apuntes de cátedra)
A3: https://user.eng.umd.edu/~austin/ence353.d/lecture-material2025/direct-stiffness-method.pdf
A4: Enunciado. Cuadrado de lado 10 en el plano XZ con 5 barras: los cuatro lados (1–2, 1–3, 2–4 y 3–4) y la diagonal 1–4. Nudo 1 articulado, nudo 2 con apoyo móvil vertical. Cargas: 10 horizontal en el nudo 3 y 10 hacia abajo en el nudo 4. E = A = 1.
A6: DATOS DEL EJERCICIO
A7: # | B7: Dato | C7: Unidad | D7: Valor | K7: Símbolo | L7: Fórmula (texto)
A8: 1 | B8: Módulo elástico adoptado (EA = 1000 N) | C8: MPa | D8: 1000 | K8: E | L8: dato ingresado
A9: 2 | B9: Área de cada barra (la fuente adopta E = A = 1) | C9: mm² | D9: 1 | K9: A | L9: dato ingresado
A10: 3 | B10: Carga de la fuente (valor 10) | C10: kN | D10: 10 | K10: F | L10: dato ingresado
A11: 4 | B11: Lado del cuadrado de la fuente (valor 10) | C11: mm | D11: 10 | K11: a | L11: dato ingresado
A13: COMPARACIÓN: TEORÍA / DATO PUBLICADO vs PROGRAMA (Atlas Estructuras 3D)
A14: # | B14: Comprobación | C14: Unidad | D14: Teoría / publicado | E14: Programa | F14: Diferencia (prog. − teoría) | G14: Error relativo | H14: Tol. relativa | I14: Tol. absoluta | J14: Estado | K14: Origen | L14: Expresión de la teoría (texto) | M14: Dónde se lee en el programa | N14: Nota
A15: 1 | B15: Desplazamiento horizontal del nudo 3 | C15: mm | D15: =582.843 | E15: 582.84271 | F15: =E15-D15 | G15: =IF(ABS(D15)>0.000000000001,F15/D15,"—") | H15: 2e-06 | I15: 1e-06 | J15: =IF(ABS(F15)<=MAX(H15*ABS(D15),I15),"OK","NO") | K15: Publicado | L15: 582.843 | M15: Desplazamiento Ux del nudo 3 · combinación «C1: 1,0·D + 1,0·Hx»
A16: 2 | B16: Desplazamiento vertical del nudo 3 | C16: mm | D16: =0 | E16: 1.7763568e-15 | F16: =E16-D16 | G16: =IF(ABS(D16)>0.000000000001,F16/D16,"—") | H16: 1e-05 | I16: 1e-06 | J16: =IF(ABS(F16)<=MAX(H16*ABS(D16),I16),"OK","NO") | K16: Publicado | L16: 0 | M16: Desplazamiento Uz del nudo 3 · combinación «C1: 1,0·D + 1,0·Hx»
A17: 3 | B17: Desplazamiento horizontal del nudo 4 | C17: mm | D17: =482.843 | E17: 482.84271 | F17: =E17-D17 | G17: =IF(ABS(D17)>0.000000000001,F17/D17,"—") | H17: 2e-06 | I17: 1e-06 | J17: =IF(ABS(F17)<=MAX(H17*ABS(D17),I17),"OK","NO") | K17: Publicado | L17: 482.843 | M17: Desplazamiento Ux del nudo 4 · combinación «C1: 1,0·D + 1,0·Hx»
A18: 4 | B18: Desplazamiento vertical del nudo 4 | C18: mm | D18: =-200 | E18: -200 | F18: =E18-D18 | G18: =IF(ABS(D18)>0.000000000001,F18/D18,"—") | H18: 1e-05 | I18: 1e-06 | J18: =IF(ABS(F18)<=MAX(H18*ABS(D18),I18),"OK","NO") | K18: Publicado | L18: -200 | M18: Desplazamiento Uz del nudo 4 · combinación «C1: 1,0·D + 1,0·Hx»
A19: 5 | B19: Axil barra 1 (1–2) | C19: kN | D19: =0 | E19: -4.2885048e-16 | F19: =E19-D19 | G19: =IF(ABS(D19)>0.000000000001,F19/D19,"—") | H19: 1e-05 | I19: 1e-06 | J19: =IF(ABS(F19)<=MAX(H19*ABS(D19),I19),"OK","NO") | K19: Publicado | L19: 0 | M19: Barra 1, en x = 0.5·L, esfuerzo axil N (tracción +) · combinación «C1: 1,0·D + 1,0·Hx»
A20: 6 | B20: Axil barra 2 (1–3) | C20: kN | D20: =0 | E20: 1.7763568e-16 | F20: =E20-D20 | G20: =IF(ABS(D20)>0.000000000001,F20/D20,"—") | H20: 1e-05 | I20: 1e-06 | J20: =IF(ABS(F20)<=MAX(H20*ABS(D20),I20),"OK","NO") | K20: Publicado | L20: 0 | M20: Barra 2, en x = 0.5·L, esfuerzo axil N (tracción +) · combinación «C1: 1,0·D + 1,0·Hx»
A21: 7 | B21: Axil barra 3 (2–4) | C21: kN | D21: =-20 | E21: -20 | F21: =E21-D21 | G21: =IF(ABS(D21)>0.000000000001,F21/D21,"—") | H21: 1e-05 | I21: 1e-06 | J21: =IF(ABS(F21)<=MAX(H21*ABS(D21),I21),"OK","NO") | K21: Publicado | L21: -20 | M21: Barra 3, en x = 0.5·L, esfuerzo axil N (tracción +) · combinación «C1: 1,0·D + 1,0·Hx»
A22: 8 | B22: Axil barra 4 (3–4) | C22: kN | D22: =-10 | E22: -10 | F22: =E22-D22 | G22: =IF(ABS(D22)>0.000000000001,F22/D22,"—") | H22: 1e-05 | I22: 1e-06 | J22: =IF(ABS(F22)<=MAX(H22*ABS(D22),I22),"OK","NO") | K22: Publicado | L22: -10 | M22: Barra 4, en x = 0.5·L, esfuerzo axil N (tracción +) · combinación «C1: 1,0·D + 1,0·Hx»
A23: 9 | B23: Axil barra 5 (diagonal 1–4) | C23: kN | D23: =14.142136 | E23: 14.142136 | F23: =E23-D23 | G23: =IF(ABS(D23)>0.000000000001,F23/D23,"—") | H23: 1e-05 | I23: 1e-06 | J23: =IF(ABS(F23)<=MAX(H23*ABS(D23),I23),"OK","NO") | K23: Publicado | L23: 14.142136 | M23: Barra 5, en x = 0.5·L, esfuerzo axil N (tracción +) · combinación «C1: 1,0·D + 1,0·Hx»
B25: Comprobaciones dentro de tolerancia | D25: =COUNTIF(J15:J23,"OK") | E25: =ROWS(J15:J23) | F25: =IF(D25=E25,"VERIFICA","DIFIERE")
B26: Azul = dato ingresado o valor que entregó el programa (pegado); negro = fórmula de Excel. El valor «Programa» es el resultado del motor de cálculo de la app para el mismo modelo.

Sheet Ej A03
A1: A03 · Cercha plana de 6 barras (cuadrado con dos diagonales)
A2: Resultado publicado. Fuente: Prof. R. Austin, Univ. de Maryland, ENCE 353 · «Direct Stiffness Method» (apuntes de cátedra)
A3: https://user.eng.umd.edu/~austin/ence353.d/lecture-material2025/direct-stiffness-method.pdf
A4: Enunciado. Igual al ejercicio A02 con una segunda diagonal 2–3 (seis barras). Mismos apoyos, cargas y E = A = 1. Se comparan los desplazamientos y los esfuerzos axiles publicados (la fuente trunca los axiles a dos decimales).
A6: DATOS DEL EJERCICIO
A7: # | B7: Dato | C7: Unidad | D7: Valor | K7: Símbolo | L7: Fórmula (texto)
A8: 1 | B8: Módulo elástico adoptado (EA = 1000 N) | C8: MPa | D8: 1000 | K8: E | L8: dato ingresado
A9: 2 | B9: Área de cada barra (la fuente adopta E = A = 1) | C9: mm² | D9: 1 | K9: A | L9: dato ingresado
A10: 3 | B10: Carga de la fuente (valor 10) | C10: kN | D10: 10 | K10: F | L10: dato ingresado
A11: 4 | B11: Lado del cuadrado de la fuente (valor 10) | C11: mm | D11: 10 | K11: a | L11: dato ingresado
A13: COMPARACIÓN: TEORÍA / DATO PUBLICADO vs PROGRAMA (Atlas Estructuras 3D)
A14: # | B14: Comprobación | C14: Unidad | D14: Teoría / publicado | E14: Programa | F14: Diferencia (prog. − teoría) | G14: Error relativo | H14: Tol. relativa | I14: Tol. absoluta | J14: Estado | K14: Origen | L14: Expresión de la teoría (texto) | M14: Dónde se lee en el programa | N14: Nota
A15: 1 | B15: Desplazamiento horizontal del nudo 2 | C15: mm | D15: =60.3553 | E15: 60.355339 | F15: =E15-D15 | G15: =IF(ABS(D15)>0.000000000001,F15/D15,"—") | H15: 2e-06 | I15: 1e-06 | J15: =IF(ABS(F15)<=MAX(H15*ABS(D15),I15),"OK","NO") | K15: Publicado | L15: 60.3553 | M15: Desplazamiento Ux del nudo 2 · combinación «C1: 1,0·D + 1,0·Hx»
A16: 2 | B16: Desplazamiento horizontal del nudo 3 | C16: mm | D16: =291.421 | E16: 291.42136 | F16: =E16-D16 | G16: =IF(ABS(D16)>0.000000000001,F16/D16,"—") | H16: 5e-06 | I16: 1e-06 | J16: =IF(ABS(F16)<=MAX(H16*ABS(D16),I16),"OK","NO") | K16: Publicado | L16: 291.421 | M16: Desplazamiento Ux del nudo 3 · combinación «C1: 1,0·D + 1,0·Hx»
A17: 3 | B17: Desplazamiento vertical del nudo 3 | C17: mm | D17: =60.3553 | E17: 60.355339 | F17: =E17-D17 | G17: =IF(ABS(D17)>0.000000000001,F17/D17,"—") | H17: 2e-06 | I17: 1e-06 | J17: =IF(ABS(F17)<=MAX(H17*ABS(D17),I17),"OK","NO") | K17: Publicado | L17: 60.3553 | M17: Desplazamiento Uz del nudo 3 · combinación «C1: 1,0·D + 1,0·Hx»
A18: 4 | B18: Desplazamiento horizontal del nudo 4 | C18: mm | D18: =251.777 | E18: 251.7767 | F18: =E18-D18 | G18: =IF(ABS(D18)>0.000000000001,F18/D18,"—") | H18: 5e-06 | I18: 1e-06 | J18: =IF(ABS(F18)<=MAX(H18*ABS(D18),I18),"OK","NO") | K18: Publicado | L18: 251.777 | M18: Desplazamiento Ux del nudo 4 · combinación «C1: 1,0·D + 1,0·Hx»
A19: 5 | B19: Desplazamiento vertical del nudo 4 | C19: mm | D19: =-139.645 | E19: -139.64466 | F19: =E19-D19 | G19: =IF(ABS(D19)>0.000000000001,F19/D19,"—") | H19: 5e-06 | I19: 1e-06 | J19: =IF(ABS(F19)<=MAX(H19*ABS(D19),I19),"OK","NO") | K19: Publicado | L19: -139.645 | M19: Desplazamiento Uz del nudo 4 · combinación «C1: 1,0·D + 1,0·Hx»
A20: 6 | B20: Axil barra 1 (1–2) | C20: kN | D20: =6.0355 | E20: 6.0355339 | F20: =E20-D20 | G20: =IF(ABS(D20)>0.000000000001,F20/D20,"—") | H20: 0 | I20: 0.011 | J20: =IF(ABS(F20)<=MAX(H20*ABS(D20),I20),"OK","NO") | K20: Publicado | L20: 6.0355 | M20: Barra 1, en x = 0.5·L, esfuerzo axil N (tracción +) · combinación «C1: 1,0·D + 1,0·Hx»
A21: 7 | B21: Axil barra 2 (1–3) | C21: kN | D21: =6.0355 | E21: 6.0355339 | F21: =E21-D21 | G21: =IF(ABS(D21)>0.000000000001,F21/D21,"—") | H21: 0 | I21: 0.011 | J21: =IF(ABS(F21)<=MAX(H21*ABS(D21),I21),"OK","NO") | K21: Publicado | L21: 6.0355 | M21: Barra 2, en x = 0.5·L, esfuerzo axil N (tracción +) · combinación «C1: 1,0·D + 1,0·Hx»
A22: 8 | B22: Axil barra 3 (2–4) | C22: kN | D22: =-13.96 | E22: -13.964466 | F22: =E22-D22 | G22: =IF(ABS(D22)>0.000000000001,F22/D22,"—") | H22: 0 | I22: 0.011 | J22: =IF(ABS(F22)<=MAX(H22*ABS(D22),I22),"OK","NO") | K22: Publicado | L22: -13.96 | M22: Barra 3, en x = 0.5·L, esfuerzo axil N (tracción +) · combinación «C1: 1,0·D + 1,0·Hx»
A23: 9 | B23: Axil barra 4 (3–4) | C23: kN | D23: =-3.96 | E23: -3.9644661 | F23: =E23-D23 | G23: =IF(ABS(D23)>0.000000000001,F23/D23,"—") | H23: 0 | I23: 0.011 | J23: =IF(ABS(F23)<=MAX(H23*ABS(D23),I23),"OK","NO") | K23: Publicado | L23: -3.96 | M23: Barra 4, en x = 0.5·L, esfuerzo axil N (tracción +) · combinación «C1: 1,0·D + 1,0·Hx»
A24: 10 | B24: Axil barra 5 (diagonal 1–4) | C24: kN | D24: =5.60 | E24: 5.6066017 | F24: =E24-D24 | G24: =IF(ABS(D24)>0.000000000001,F24/D24,"—") | H24: 0 | I24: 0.011 | J24: =IF(ABS(F24)<=MAX(H24*ABS(D24),I24),"OK","NO") | K24: Publicado | L24: 5.60 | M24: Barra 5, en x = 0.5·L, esfuerzo axil N (tracción +) · combinación «C1: 1,0·D + 1,0·Hx»
A25: 11 | B25: Axil barra 6 (diagonal 2–3) | C25: kN | D25: =-8.53 | E25: -8.5355339 | F25: =E25-D25 | G25: =IF(ABS(D25)>0.000000000001,F25/D25,"—") | H25: 0 | I25: 0.011 | J25: =IF(ABS(F25)<=MAX(H25*ABS(D25),I25),"OK","NO") | K25: Publicado | L25: -8.53 | M25: Barra 6, en x = 0.5·L, esfuerzo axil N (tracción +) · combinación «C1: 1,0·D + 1,0·Hx»
B27: Comprobaciones dentro de tolerancia | D27: =COUNTIF(J15:J25,"OK") | E27: =ROWS(J15:J25) | F27: =IF(D27=E27,"VERIFICA","DIFIERE")
B28: Azul = dato ingresado o valor que entregó el programa (pegado); negro = fórmula de Excel. El valor «Programa» es el resultado del motor de cálculo de la app para el mismo modelo.

Sheet Ej A04
A1: A04 · Emparrillado en L empotrado en ambos extremos (flexión + torsión)
A2: Resultado publicado. Fuente: Univ. de Memphis, CIVL 7117 · capítulo 5b, ejemplo de emparrillado (apuntes de cátedra)
A3: https://www.ce.memphis.edu/7117/notes/presentations/chapter_05b.pdf
A4: Enunciado. Dos barras horizontales de 3 m en ángulo recto, unidas en el nudo 2 y empotradas en los extremos 1 y 3. Carga vertical de 22 kN hacia abajo en el nudo 2. E = 210 GPa, G = 84 GPa, I = 16,6·10⁻⁵ m⁴, J = 4,6·10⁻⁵ m⁴. La fuente publica v = −2,59 mm, giros de 0,00126 rad y esfuerzos de barra con tres cifras (algunos redondeados: por ejemplo el torsor); por eso las filas «publicado» tienen tolerancia mayor y se agregan las filas «solución exacta» deducidas por compatibilidad (θ = (P/4)·L²/(EI+GJ)).
A6: DATOS DEL EJERCICIO
A7: # | B7: Dato | C7: Unidad | D7: Valor | K7: Símbolo | L7: Fórmula (texto)
A8: 1 | B8: Módulo elástico | C8: MPa | D8: 210000 | K8: E | L8: dato ingresado
A9: 2 | B9: Módulo de corte | C9: MPa | D9: 84000 | K9: G | L9: dato ingresado
A10: 3 | B10: Inercia (16,6·10⁻⁵ m⁴) | C10: mm⁴ | D10: 166000000 | K10: I | L10: dato ingresado
A11: 4 | B11: Constante de torsión (4,6·10⁻⁵ m⁴) | C11: mm⁴ | D11: 46000000 | K11: J | L11: dato ingresado
A12: 5 | B12: Largo de cada barra | C12: mm | D12: 3000 | K12: L | L12: dato ingresado
A13: 6 | B13: Carga vertical en el nudo 2 | C13: kN | D13: 22 | K13: P | L13: dato ingresado
A14: 7 | B14: Giro exacto del nudo 2 (compatibilidad) | C14: rad | D14: =($D$13*1000/4)*$D$12^2/($D$8*$D$10+$D$9*$D$11) | K14: th | L14: valor = (P*1000/4)*L^2/(E*I+G*J)
A15: 8 | B15: Descenso exacto del nudo 2 | C15: mm | D15: =($D$13*1000/2)*$D$12^3/(12*$D$8*$D$10)+$D$14*$D$12/2 | K15: w | L15: valor = (P*1000/2)*L^3/(12*E*I)+th*L/2
A16: 9 | B16: Torsor exacto en cada barra | C16: kN·m | D16: =$D$9*$D$11*$D$14/$D$12/1000000 | K16: T | L16: valor = G*J*th/L/1000000
A18: COMPARACIÓN: TEORÍA / DATO PUBLICADO vs PROGRAMA (Atlas Estructuras 3D)
A19: # | B19: Comprobación | C19: Unidad | D19: Teoría / publicado | E19: Programa | F19: Diferencia (prog. − teoría) | G19: Error relativo | H19: Tol. relativa | I19: Tol. absoluta | J19: Estado | K19: Origen | L19: Expresión de la teoría (texto) | M19: Dónde se lee en el programa | N19: Nota
A20: 1 | B20: Descenso del nudo 2 (publicado) | C20: mm | D20: =-2.59 | E20: -2.6273983 | F20: =E20-D20 | G20: =IF(ABS(D20)>0.000000000001,F20/D20,"—") | H20: 0.02 | I20: 1e-06 | J20: =IF(ABS(F20)<=MAX(H20*ABS(D20),I20),"OK","NO") | K20: Publicado | L20: -2.59 | M20: Desplazamiento Uz del nudo 2 · combinación «C1: 1,0·D»
A21: 2 | B21: Giro del nudo 2 alrededor de X (publicado) | C21: rad | D21: =ABS(0.00126) | E21: 0.001278277 | F21: =E21-D21 | G21: =IF(ABS(D21)>0.000000000001,F21/D21,"—") | H21: 0.02 | I21: 1e-06 | J21: =IF(ABS(F21)<=MAX(H21*ABS(D21),I21),"OK","NO") | K21: Publicado | L21: 0.00126 | M21: Desplazamiento Rx del nudo 2 · combinación «C1: 1,0·D» | N21: Se comparan valores absolutos (la convención de signo es independiente del resultado).
A22: 3 | B22: Giro del nudo 2 alrededor de Y (publicado) | C22: rad | D22: =ABS(0.00126) | E22: 0.001278277 | F22: =E22-D22 | G22: =IF(ABS(D22)>0.000000000001,F22/D22,"—") | H22: 0.02 | I22: 1e-06 | J22: =IF(ABS(F22)<=MAX(H22*ABS(D22),I22),"OK","NO") | K22: Publicado | L22: 0.00126 | M22: Desplazamiento Ry del nudo 2 · combinación «C1: 1,0·D» | N22: Se comparan valores absolutos (la convención de signo es independiente del resultado).
A23: 4 | B23: Corte en el extremo 1 (publicado) | C23: kN | D23: =ABS(11.0) | E23: 11 | F23: =E23-D23 | G23: =IF(ABS(D23)>0.000000000001,F23/D23,"—") | H23: 0.001 | I23: 1e-06 | J23: =IF(ABS(F23)<=MAX(H23*ABS(D23),I23),"OK","NO") | K23: Publicado | L23: 11.0 | M23: Barra 1, en x = 0·L, corte Vy (en el plano del alma) · combinación «C1: 1,0·D» | N23: Se comparan valores absolutos (la convención de signo es independiente del resultado).
A24: 5 | B24: Momento flector en el empotramiento 1 (publicado) | C24: kN·m | D24: =ABS(31.0) | E24: 31.353579 | F24: =E24-D24 | G24: =IF(ABS(D24)>0.000000000001,F24/D24,"—") | H24: 0.02 | I24: 1e-06 | J24: =IF(ABS(F24)<=MAX(H24*ABS(D24),I24),"OK","NO") | K24: Publicado | L24: 31.0 | M24: Barra 1, en x = 0·L, momento flector Mz (eje fuerte) · combinación «C1: 1,0·D» | N24: Se comparan valores absolutos (la convención de signo es independiente del resultado).
A25: 6 | B25: Torsor en la barra 1 (publicado, redondeado en la fuente) | C25: kN·m | D25: =ABS(1.50) | E25: 1.6464208 | F25: =E25-D25 | G25: =IF(ABS(D25)>0.000000000001,F25/D25,"—") | H25: 0.1 | I25: 1e-06 | J25: =IF(ABS(F25)<=MAX(H25*ABS(D25),I25),"OK","NO") | K25: Publicado | L25: 1.50 | M25: Barra 1, en x = 0.5·L, torsor T · combinación «C1: 1,0·D» | N25: La fuente da 1,50; la solución exacta es 1,65 (fila siguiente). Se comparan valores absolutos (la convención de signo es independiente del resultado).
A26: 7 | B26: Descenso del nudo 2 (solución exacta) | C26: mm | D26: =-$D$15 | E26: -2.6273983 | F26: =E26-D26 | G26: =IF(ABS(D26)>0.000000000001,F26/D26,"—") | H26: 0.0001 | I26: 1e-06 | J26: =IF(ABS(F26)<=MAX(H26*ABS(D26),I26),"OK","NO") | K26: Fórmula | L26: -w | M26: Desplazamiento Uz del nudo 2 · combinación «C1: 1,0·D»
A27: 8 | B27: Giro del nudo 2 alrededor de X (solución exacta) | C27: rad | D27: =ABS($D$14) | E27: 0.001278277 | F27: =E27-D27 | G27: =IF(ABS(D27)>0.000000000001,F27/D27,"—") | H27: 0.0001 | I27: 1e-06 | J27: =IF(ABS(F27)<=MAX(H27*ABS(D27),I27),"OK","NO") | K27: Fórmula | L27: th | M27: Desplazamiento Rx del nudo 2 · combinación «C1: 1,0·D» | N27: Se comparan valores absolutos (la convención de signo es independiente del resultado).
A28: 9 | B28: Torsor en la barra 1 (solución exacta) | C28: kN·m | D28: =ABS($D$16) | E28: 1.6464208 | F28: =E28-D28 | G28: =IF(ABS(D28)>0.000000000001,F28/D28,"—") | H28: 0.0001 | I28: 1e-06 | J28: =IF(ABS(F28)<=MAX(H28*ABS(D28),I28),"OK","NO") | K28: Fórmula | L28: T | M28: Barra 1, en x = 0.5·L, torsor T · combinación «C1: 1,0·D» | N28: Se comparan valores absolutos (la convención de signo es independiente del resultado).
A29: 10 | B29: Reacción vertical en cada empotramiento | C29: kN | D29: =$D$13/2 | E29: 11 | F29: =E29-D29 | G29: =IF(ABS(D29)>0.000000000001,F29/D29,"—") | H29: 0.0001 | I29: 1e-06 | J29: =IF(ABS(F29)<=MAX(H29*ABS(D29),I29),"OK","NO") | K29: Fórmula | L29: P/2 | M29: Reacción Fz en el nudo 1 · combinación «C1: 1,0·D»
B31: Comprobaciones dentro de tolerancia | D31: =COUNTIF(J20:J29,"OK") | E31: =ROWS(J20:J29) | F31: =IF(D31=E31,"VERIFICA","DIFIERE")
B32: Azul = dato ingresado o valor que entregó el programa (pegado); negro = fórmula de Excel. El valor «Programa» es el resultado del motor de cálculo de la app para el mismo modelo.

Sheet Ej A05
A1: A05 · Barra traccionada IPB 120: resistencia por fluencia (ejemplo INTI-CIRSOC 4)
A2: Resultado publicado. Fuente: INTI-CIRSOC · «Ejemplos de aplicación del Reglamento CIRSOC 301-EL» (Ejemplos 4, 5 y 6)
A3: https://www.inti.gob.ar/assets/uploads/files/cirsoc/EJEMPLOS%202/EJEMPLOS%202.2/1_%20ejemplos_301.pdf
A4: Enunciado. Barra de acero F-24 (Fy = 235 MPa) con perfil IPB 120 (A = 34,0 cm²), L = 9,00 m y tracción mayorada Tu = 500 kN. El ejemplo publica la resistencia de diseño por fluencia de la sección bruta φt·Pn = 719 kN (φt = 0,90). Se comprueba además el axil y la relación de uso Tu/φt·Pn.
A5: Perfil. IPB 120 (tabla): h = 120 mm, b = 120 mm, tw = 6,5 mm, tf = 11 mm, A = 34,0 cm², Ix = 864 cm⁴, Iy = 318 cm⁴.
A7: DATOS DEL EJERCICIO
A8: # | B8: Dato | C8: Unidad | D8: Valor | K8: Símbolo | L8: Fórmula (texto)
A9: 1 | B9: Módulo elástico | C9: MPa | D9: 200000 | K9: E | L9: dato ingresado
A10: 2 | B10: Tensión de fluencia F-24 | C10: MPa | D10: 235 | K10: Fy | L10: dato ingresado
A11: 3 | B11: Área bruta IPB 120 | C11: mm² | D11: 3400 | K11: A | L11: dato ingresado
A12: 4 | B12: Largo de la barra | C12: mm | D12: 9000 | K12: L | L12: dato ingresado
A13: 5 | B13: Tracción mayorada (publicada) | C13: kN | D13: 500 | K13: Tu | L13: dato ingresado
A14: 6 | B14: φt·Pn = 0,90·Fy·Ag | C14: kN | D14: =0.9*$D$10*$D$11/1000 | K14: phiPt | L14: valor = 0.9*Fy*A/1000
A16: COMPARACIÓN: TEORÍA / DATO PUBLICADO vs PROGRAMA (Atlas Estructuras 3D)
A17: # | B17: Comprobación | C17: Unidad | D17: Teoría / publicado | E17: Programa | F17: Diferencia (prog. − teoría) | G17: Error relativo | H17: Tol. relativa | I17: Tol. absoluta | J17: Estado | K17: Origen | L17: Expresión de la teoría (texto) | M17: Dónde se lee en el programa | N17: Nota
A18: 1 | B18: Resistencia de diseño por fluencia φt·Pn (publicada) | C18: kN | D18: =719 | E18: 719.1 | F18: =E18-D18 | G18: =IF(ABS(D18)>0.000000000001,F18/D18,"—") | H18: 0.001 | I18: 1e-06 | J18: =IF(ABS(F18)<=MAX(H18*ABS(D18),I18),"OK","NO") | K18: Publicado | L18: 719 | M18: Barra 1: φt·Pn tracción (verificación de perfiles) | N18: La fuente redondea a 719 kN; la fórmula da 719,1 kN.
A19: 2 | B19: Resistencia de diseño φt·Pn (fórmula 0,90·Fy·Ag) | C19: kN | D19: =$D$14 | E19: 719.1 | F19: =E19-D19 | G19: =IF(ABS(D19)>0.000000000001,F19/D19,"—") | H19: 0.001 | I19: 1e-06 | J19: =IF(ABS(F19)<=MAX(H19*ABS(D19),I19),"OK","NO") | K19: Fórmula | L19: phiPt | M19: Barra 1: φt·Pn tracción (verificación de perfiles)
A20: 3 | B20: Esfuerzo axil en la barra (tracción +) | C20: kN | D20: =$D$13 | E20: 500 | F20: =E20-D20 | G20: =IF(ABS(D20)>0.000000000001,F20/D20,"—") | H20: 0.001 | I20: 1e-06 | J20: =IF(ABS(F20)<=MAX(H20*ABS(D20),I20),"OK","NO") | K20: Fórmula | L20: Tu | M20: Barra 1, en x = 0.5·L, esfuerzo axil N (tracción +) · combinación «C1: Tu mayorada»
A21: 4 | B21: Reacción horizontal en el apoyo fijo | C21: kN | D21: =-$D$13 | E21: -500 | F21: =E21-D21 | G21: =IF(ABS(D21)>0.000000000001,F21/D21,"—") | H21: 0.001 | I21: 1e-06 | J21: =IF(ABS(F21)<=MAX(H21*ABS(D21),I21),"OK","NO") | K21: Fórmula | L21: -Tu | M21: Reacción Fx en el nudo 1 · combinación «C1: Tu mayorada»
A22: 5 | B22: Relación de uso Tu / φt·Pn | D22: =$D$13/$D$14 | E22: 0.69531359 | F22: =E22-D22 | G22: =IF(ABS(D22)>0.000000000001,F22/D22,"—") | H22: 0.001 | I22: 1e-06 | J22: =IF(ABS(F22)<=MAX(H22*ABS(D22),I22),"OK","NO") | K22: Fórmula | L22: Tu/phiPt | M22: Barra 1: relación de uso r máxima entre combinaciones de resistencia
B24: Comprobaciones dentro de tolerancia | D24: =COUNTIF(J18:J22,"OK") | E24: =ROWS(J18:J22) | F24: =IF(D24=E24,"VERIFICA","DIFIERE")
B25: Azul = dato ingresado o valor que entregó el programa (pegado); negro = fórmula de Excel. El valor «Programa» es el resultado del motor de cálculo de la app para el mismo modelo.

Sheet Ej A06
A1: A06 · Viga IPE 500 de 16 m: esfuerzos mayorados 1,2D + 1,6L (ejemplo INTI-CIRSOC 5)
A2: Resultado publicado. Fuente: INTI-CIRSOC · «Ejemplos de aplicación del Reglamento CIRSOC 301-EL» (Ejemplos 4, 5 y 6)
A3: https://www.inti.gob.ar/assets/uploads/files/cirsoc/EJEMPLOS%202/EJEMPLOS%202.2/1_%20ejemplos_301.pdf
A4: Enunciado. Viga biapoyada de 16,00 m con D = 2 kN/m y L = 5 kN/m. El ejemplo calcula qu = 1,2D + 1,6L = 10,4 kN/m, el momento máximo Mu = 332,8 kN·m, y en la sección del empalme (x = 4 m) un momento Mf + Mw = 194,17 + 55,43 = 249,60 kN·m y un corte Vu = 41,6 kN. Se verifica que el programa, con la combinación U2, entregue los mismos esfuerzos.
A5: Perfil. IPE 500 (tabla): h = 500 mm, b = 200 mm, tw = 10,2 mm, tf = 16 mm, A = 116 cm², Ix = 48 200 cm⁴, Iy = 2 140 cm⁴.
A7: DATOS DEL EJERCICIO
A8: # | B8: Dato | C8: Unidad | D8: Valor | K8: Símbolo | L8: Fórmula (texto)
A9: 1 | B9: Módulo elástico | C9: MPa | D9: 200000 | K9: E | L9: dato ingresado
A10: 2 | B10: Luz | C10: mm | D10: 16000 | K10: L | L10: dato ingresado
A11: 3 | B11: Carga permanente | C11: kN/m | D11: 2 | K11: qD | L11: dato ingresado
A12: 4 | B12: Sobrecarga | C12: kN/m | D12: 5 | K12: qL | L12: dato ingresado
A13: 5 | B13: Sección del empalme | C13: mm | D13: 4000 | K13: xs | L13: dato ingresado
A14: 6 | B14: Carga mayorada | C14: kN/m | D14: =1.2*$D$11+1.6*$D$12 | K14: qu | L14: valor = 1.2*qD+1.6*qL
A15: 7 | B15: Momento máximo | C15: kN·m | D15: =$D$14*$D$10^2/8/1000000 | K15: Mu | L15: valor = qu*L^2/8/1000000
A16: 8 | B16: Momento en x = 4 m | C16: kN·m | D16: =$D$14*$D$13*($D$10-$D$13)/2/1000000 | K16: Ms | L16: valor = qu*xs*(L-xs)/2/1000000
A17: 9 | B17: Corte en x = 4 m | C17: kN | D17: =$D$14*($D$10/2-$D$13)/1000 | K17: Vs | L17: valor = qu*(L/2-xs)/1000
A19: COMPARACIÓN: TEORÍA / DATO PUBLICADO vs PROGRAMA (Atlas Estructuras 3D)
A20: # | B20: Comprobación | C20: Unidad | D20: Teoría / publicado | E20: Programa | F20: Diferencia (prog. − teoría) | G20: Error relativo | H20: Tol. relativa | I20: Tol. absoluta | J20: Estado | K20: Origen | L20: Expresión de la teoría (texto) | M20: Dónde se lee en el programa | N20: Nota
A21: 1 | B21: Momento máximo Mu en el centro (publicado) | C21: kN·m | D21: =ABS(332.8) | E21: 332.8 | F21: =E21-D21 | G21: =IF(ABS(D21)>0.000000000001,F21/D21,"—") | H21: 0.0001 | I21: 1e-06 | J21: =IF(ABS(F21)<=MAX(H21*ABS(D21),I21),"OK","NO") | K21: Publicado | L21: 332.8 | M21: Barra 1, en x = 0.5·L, momento flector Mz (eje fuerte) · combinación «U2: 1,2D+1,6L» | N21: Se comparan valores absolutos (la convención de signo es independiente del resultado).
A22: 2 | B22: Momento en la sección del empalme, Mf + Mw (publicado) | C22: kN·m | D22: =ABS(194.17+55.43) | E22: 249.6 | F22: =E22-D22 | G22: =IF(ABS(D22)>0.000000000001,F22/D22,"—") | H22: 0.0001 | I22: 1e-06 | J22: =IF(ABS(F22)<=MAX(H22*ABS(D22),I22),"OK","NO") | K22: Publicado | L22: 194.17+55.43 | M22: Barra 1, en x = 0.25·L, momento flector Mz (eje fuerte) · combinación «U2: 1,2D+1,6L» | N22: Se comparan valores absolutos (la convención de signo es independiente del resultado).
A23: 3 | B23: Corte Vu en la sección del empalme (publicado) | C23: kN | D23: =ABS(41.6) | E23: 41.6 | F23: =E23-D23 | G23: =IF(ABS(D23)>0.000000000001,F23/D23,"—") | H23: 0.0001 | I23: 1e-06 | J23: =IF(ABS(F23)<=MAX(H23*ABS(D23),I23),"OK","NO") | K23: Publicado | L23: 41.6 | M23: Barra 1, en x = 0.25·L, corte Vy (en el plano del alma) · combinación «U2: 1,2D+1,6L» | N23: Se comparan valores absolutos (la convención de signo es independiente del resultado).
A24: 4 | B24: Reacción en el apoyo A | C24: kN | D24: =$D$14*$D$10/2000 | E24: 83.2 | F24: =E24-D24 | G24: =IF(ABS(D24)>0.000000000001,F24/D24,"—") | H24: 0.0001 | I24: 1e-06 | J24: =IF(ABS(F24)<=MAX(H24*ABS(D24),I24),"OK","NO") | K24: Fórmula | L24: qu*L/2000 | M24: Reacción Fz en el nudo 1 · combinación «U2: 1,2D+1,6L»
B26: Comprobaciones dentro de tolerancia | D26: =COUNTIF(J21:J24,"OK") | E26: =ROWS(J21:J24) | F26: =IF(D26=E26,"VERIFICA","DIFIERE")
B27: Azul = dato ingresado o valor que entregó el programa (pegado); negro = fórmula de Excel. El valor «Programa» es el resultado del motor de cálculo de la app para el mismo modelo.

Sheet Ej A07
A1: A07 · Viga PNI 300 de 10 m: momento mayorado y resistencia φb·Mp (ejemplo INTI-CIRSOC 6)
A2: Resultado publicado. Fuente: INTI-CIRSOC · «Ejemplos de aplicación del Reglamento CIRSOC 301-EL» (Ejemplos 4, 5 y 6)
A3: https://www.inti.gob.ar/assets/uploads/files/cirsoc/EJEMPLOS%202/EJEMPLOS%202.2/1_%20ejemplos_301.pdf
A4: Enunciado. Viga biapoyada de 10,00 m con carga mayorada qu = 22 kN/m, de acero F-24 (Fy = 235 MPa), con arriostramiento lateral continuo (Lb ≤ Lp). El ejemplo publica Mu = 275 kN·m y la resistencia del perfil solo φb·Mp = 161,16 kN·m (Zx de tabla = 762 cm³), por lo que agrega una platabanda (esa parte no puede reproducirse con el modelo de secciones del programa). El programa estima el módulo plástico con la geometría simplificada de la sección, que en el PNI 300 resulta 0,8 % mayor que el de tabla; por eso la fila de resistencia admite 1,5 %.
A5: Perfil. PNI 300 (IPN 300, tabla): h = 300 mm, b = 125 mm, tw = 10,8 mm, tf = 16,2 mm (medio), A = 69,1 cm², Ix = 9 800 cm⁴, Iy = 451 cm⁴, Wx = 653 cm³, Zx = 762 cm³.
A7: DATOS DEL EJERCICIO
A8: # | B8: Dato | C8: Unidad | D8: Valor | K8: Símbolo | L8: Fórmula (texto)
A9: 1 | B9: Módulo elástico | C9: MPa | D9: 200000 | K9: E | L9: dato ingresado
A10: 2 | B10: Tensión de fluencia F-24 | C10: MPa | D10: 235 | K10: Fy | L10: dato ingresado
A11: 3 | B11: Luz | C11: mm | D11: 10000 | K11: L | L11: dato ingresado
A12: 4 | B12: Carga mayorada (publicada) | C12: kN/m | D12: 22 | K12: qu | L12: dato ingresado
A13: 5 | B13: Momento máximo | C13: kN·m | D13: =$D$12*$D$11^2/8/1000000 | K13: Mu | L13: valor = qu*L^2/8/1000000
A14: 6 | B14: Módulo plástico de tabla | C14: mm³ | D14: 762000 | K14: Zx | L14: dato ingresado
A15: 7 | B15: φb·Mp con el Zx de tabla (publicado: 161,16) | C15: kN·m | D15: =0.9*$D$10*$D$14/1000000 | K15: phiMp | L15: valor = 0.9*Fy*Zx/1000000
A17: COMPARACIÓN: TEORÍA / DATO PUBLICADO vs PROGRAMA (Atlas Estructuras 3D)
A18: # | B18: Comprobación | C18: Unidad | D18: Teoría / publicado | E18: Programa | F18: Diferencia (prog. − teoría) | G18: Error relativo | H18: Tol. relativa | I18: Tol. absoluta | J18: Estado | K18: Origen | L18: Expresión de la teoría (texto) | M18: Dónde se lee en el programa | N18: Nota
A19: 1 | B19: Momento máximo Mu (publicado) | C19: kN·m | D19: =ABS(275) | E19: 275 | F19: =E19-D19 | G19: =IF(ABS(D19)>0.000000000001,F19/D19,"—") | H19: 0.0001 | I19: 1e-06 | J19: =IF(ABS(F19)<=MAX(H19*ABS(D19),I19),"OK","NO") | K19: Publicado | L19: 275 | M19: Barra 1, en x = 0.5·L, momento flector Mz (eje fuerte) · combinación «C1: qu mayorada» | N19: Se comparan valores absolutos (la convención de signo es independiente del resultado).
A20: 2 | B20: Corte máximo en el apoyo | C20: kN | D20: =ABS($D$12*$D$11/2000) | E20: 110 | F20: =E20-D20 | G20: =IF(ABS(D20)>0.000000000001,F20/D20,"—") | H20: 0.0001 | I20: 1e-06 | J20: =IF(ABS(F20)<=MAX(H20*ABS(D20),I20),"OK","NO") | K20: Fórmula | L20: qu*L/2000 | M20: Barra 1, en x = 0·L, corte Vy (en el plano del alma) · combinación «C1: qu mayorada» | N20: Se comparan valores absolutos (la convención de signo es independiente del resultado).
A21: 3 | B21: Resistencia de diseño φb·Mp del perfil solo (publicada) | C21: kN·m | D21: =161.16 | E21: 162.44075 | F21: =E21-D21 | G21: =IF(ABS(D21)>0.000000000001,F21/D21,"—") | H21: 0.015 | I21: 1e-06 | J21: =IF(ABS(F21)<=MAX(H21*ABS(D21),I21),"OK","NO") | K21: Publicado | L21: 161.16 | M21: Barra 1: φb·Mn flexión eje fuerte (verificación de perfiles) | N21: El programa calcula Zx = 768 cm³ con la geometría simplificada (tabla: 762 cm³): +0,8 %, del lado inseguro pero dentro de la tolerancia.
A22: 4 | B22: Relación de uso Mu / φb·Mp (publicada 275/161,16) | D22: =275/161.16 | E22: 1.692925 | F22: =E22-D22 | G22: =IF(ABS(D22)>0.000000000001,F22/D22,"—") | H22: 0.015 | I22: 1e-06 | J22: =IF(ABS(F22)<=MAX(H22*ABS(D22),I22),"OK","NO") | K22: Publicado | L22: 275/161.16 | M22: Barra 1: relación de uso r máxima entre combinaciones de resistencia | N22: Mayor que 1: el perfil solo no alcanza, por eso el ejemplo agrega la platabanda.
B24: Comprobaciones dentro de tolerancia | D24: =COUNTIF(J19:J22,"OK") | E24: =ROWS(J19:J22) | F24: =IF(D24=E24,"VERIFICA","DIFIERE")
B25: Azul = dato ingresado o valor que entregó el programa (pegado); negro = fórmula de Excel. El valor «Programa» es el resultado del motor de cálculo de la app para el mismo modelo.

Sheet Ej A08
A1: A08 · Columna W14×74, A36, KL = 20 ft: resistencia a compresión (apuntes MSU, ej. 3.2)
A2: Resultado publicado. Fuente: Michigan State Univ., CE 405 «Design of Steel Structures», cap. 3 «Compression members» (ejemplos 3.2 y 3.4, AISC-LRFD 1999)
A3: https://www.egr.msu.edu/~harichan/classes/ce405/chap3.pdf
A4: Enunciado. Columna W14×74 de acero A36 (Fy = 36 ksi, E = 29 000 ksi) con KL = 20 ft = 240 in en ambos ejes. El ejemplo obtiene KL/ry = 240/2,48 = 96,77 (gobierna el eje débil), λc = 1,085, Fcr = 21,99 ksi y φcPn = 408 kip con φc = 0,85, que es el factor del CIRSOC 301-2005. Se ingresa la sección con los datos de la tabla AISC (las inercias son coherentes con los radios de giro publicados) y se compara.
A5: Perfil. W14×74 (tabla AISC): d = 14,17 in, bf = 10,07 in, tw = 0,450 in, tf = 0,785 in, A = 21,8 in², Ix = 796 in⁴, Iy = 134 in⁴, rx = 6,04 in, ry = 2,48 in, J = 3,87 in⁴. Unidades del programa: mm, N, MPa (1 in = 25,4 mm; 1 ksi = 6,894757 MPa; 1 kip = 4,4482216 kN).
A7: DATOS DEL EJERCICIO
A8: # | B8: Dato | C8: Unidad | D8: Valor | K8: Símbolo | L8: Fórmula (texto)
A9: 1 | B9: Módulo elástico | C9: ksi | D9: 29000 | K9: E_ksi | L9: dato ingresado
A10: 2 | B10: Tensión de fluencia A36 | C10: ksi | D10: 36 | K10: Fy_ksi | L10: dato ingresado
A11: 3 | B11: Área | C11: in² | D11: 21.8 | K11: A_in2 | L11: dato ingresado
A12: 4 | B12: Radio de giro fuerte (tabla) | C12: in | D12: 6.04 | K12: rx | L12: dato ingresado
A13: 5 | B13: Radio de giro débil (tabla) | C13: in | D13: 2.48 | K13: ry | L13: dato ingresado
A14: 6 | B14: Longitud efectiva en ambos ejes (publicada) | C14: in | D14: 240 | K14: KL | L14: dato ingresado
A15: 7 | B15: Carga axil mayorada adoptada para la relación de uso | C15: kip | D15: 300 | K15: Pu_kip | L15: dato ingresado
A16: 8 | B16: Módulo elástico en MPa | C16: MPa | D16: =$D$9*6.894757 | K16: E | L16: valor = E_ksi*6.894757
A17: 9 | B17: Fluencia en MPa | C17: MPa | D17: =$D$10*6.894757 | K17: Fy | L17: valor = Fy_ksi*6.894757
A18: 10 | B18: Módulo de corte (no interviene en el resultado) | C18: MPa | D18: =$D$16/2.6 | K18: G | L18: valor = E/2.6
A19: 11 | B19: Longitud efectiva en mm | C19: mm | D19: =$D$14*25.4 | K19: KLmm | L19: valor = KL*25.4
A20: 12 | B20: Carga axil mayorada | C20: kN | D20: =$D$15*4.4482216 | K20: Pu | L20: valor = Pu_kip*4.4482216
A21: 13 | B21: λc del eje débil (publicado: 1,085) | D21: =$D$14/$D$13/PI()*SQRT($D$10/$D$9) | K21: lamy | L21: valor = KL/ry/PI()*SQRT(Fy_ksi/E_ksi)
A22: 14 | B22: λc del eje fuerte | D22: =$D$14/$D$12/PI()*SQRT($D$10/$D$9) | K22: lamx | L22: valor = KL/rx/PI()*SQRT(Fy_ksi/E_ksi)
A23: 15 | B23: λc gobernante | D23: =MAX($D$22,$D$21) | K23: lamc | L23: valor = MAX(lamx,lamy)
A24: 16 | B24: Tensión crítica (publicada: 21,99 ksi) | C24: ksi | D24: =IF($D$23<=1.5,0.658^($D$23^2),0.877/$D$23^2)*$D$10 | K24: Fcr | L24: valor = IF(lamc<=1.5,0.658^(lamc^2),0.877/lamc^2)*Fy_ksi
A25: 17 | B25: φc·Pn recalculado con la fórmula del libro | C25: kip | D25: =0.85*$D$11*$D$24 | K25: phiPn | L25: valor = 0.85*A_in2*Fcr
A26: 18 | B26: φc·Pn en kN | C26: kN | D26: =$D$25*4.4482216 | K26: phiPnkN | L26: valor = phiPn*4.4482216
A28: COMPARACIÓN: TEORÍA / DATO PUBLICADO vs PROGRAMA (Atlas Estructuras 3D)
A29: # | B29: Comprobación | C29: Unidad | D29: Teoría / publicado | E29: Programa | F29: Diferencia (prog. − teoría) | G29: Error relativo | H29: Tol. relativa | I29: Tol. absoluta | J29: Estado | K29: Origen | L29: Expresión de la teoría (texto) | M29: Dónde se lee en el programa | N29: Nota
A30: 1 | B30: Esbeltez KL/r gobernante (publicada 96,77) | D30: =96.77 | E30: 96.802618 | F30: =E30-D30 | G30: =IF(ABS(D30)>0.000000000001,F30/D30,"—") | H30: 0.001 | I30: 1e-06 | J30: =IF(ABS(F30)<=MAX(H30*ABS(D30),I30),"OK","NO") | K30: Publicado | L30: 96.77 | M30: Barra 1: esbeltez KL/r gobernante (verificación de perfiles)
A31: 2 | B31: Resistencia de diseño a compresión φc·Pn (publicada 408 kip) | C31: kN | D31: =408*4.4482216 | E31: 1811.8372 | F31: =E31-D31 | G31: =IF(ABS(D31)>0.000000000001,F31/D31,"—") | H31: 0.005 | I31: 1e-06 | J31: =IF(ABS(F31)<=MAX(H31*ABS(D31),I31),"OK","NO") | K31: Publicado | L31: 408*4.4482216 | M31: Barra 1: φc·Pn compresión (verificación de perfiles) | N31: El libro redondea (21,8 × 21,99 × 0,85 = 407,5 kip).
A32: 3 | B32: φc·Pn recalculado con la fórmula del libro | C32: kN | D32: =$D$26 | E32: 1811.8372 | F32: =E32-D32 | G32: =IF(ABS(D32)>0.000000000001,F32/D32,"—") | H32: 0.002 | I32: 1e-06 | J32: =IF(ABS(F32)<=MAX(H32*ABS(D32),I32),"OK","NO") | K32: Fórmula | L32: phiPnkN | M32: Barra 1: φc·Pn compresión (verificación de perfiles)
A33: 4 | B33: Esfuerzo axil en la columna (compresión −) | C33: kN | D33: =-$D$20 | E33: -1334.4665 | F33: =E33-D33 | G33: =IF(ABS(D33)>0.000000000001,F33/D33,"—") | H33: 0.001 | I33: 1e-06 | J33: =IF(ABS(F33)<=MAX(H33*ABS(D33),I33),"OK","NO") | K33: Fórmula | L33: -Pu | M33: Barra 1, en x = 0.5·L, esfuerzo axil N (tracción +) · combinación «C1: Pu mayorada»
A34: 5 | B34: Relación de uso Pu / φc·Pn | D34: =$D$20/$D$26 | E34: 0.7365267 | F34: =E34-D34 | G34: =IF(ABS(D34)>0.000000000001,F34/D34,"—") | H34: 0.002 | I34: 1e-06 | J34: =IF(ABS(F34)<=MAX(H34*ABS(D34),I34),"OK","NO") | K34: Fórmula | L34: Pu/phiPnkN | M34: Barra 1: relación de uso r máxima entre combinaciones de resistencia
B36: Comprobaciones dentro de tolerancia | D36: =COUNTIF(J30:J34,"OK") | E36: =ROWS(J30:J34) | F36: =IF(D36=E36,"VERIFICA","DIFIERE")
B37: Azul = dato ingresado o valor que entregó el programa (pegado); negro = fórmula de Excel. El valor «Programa» es el resultado del motor de cálculo de la app para el mismo modelo.

Sheet Ej A09
A1: A09 · Columna W14×132, Fy = 50 ksi, longitudes distintas por eje (apuntes MSU, ej. 3.4)
A2: Resultado publicado. Fuente: Michigan State Univ., CE 405 «Design of Steel Structures», cap. 3 «Compression members» (ejemplos 3.2 y 3.4, AISC-LRFD 1999)
A3: https://www.egr.msu.edu/~harichan/classes/ce405/chap3.pdf
A4: Enunciado. Columna W14×132 de acero A992 (Fy = 50 ksi) con KxLx = 30 ft y KyLy = 15 ft (arriostrada a media altura en el eje débil). El ejemplo obtiene KxLx/rx = 57,32 y KyLy/ry = 47,87, gobierna el eje fuerte y la tabla da φcPn ≈ 1 300 kip. Comprueba que el programa asigne cada longitud efectiva al eje correcto.
A5: Perfil. W14×132 (tabla AISC): d = 14,66 in, bf = 14,725 in, tw = 0,645 in, tf = 1,030 in, A = 38,8 in², Ix = 1 530 in⁴, Iy = 548 in⁴, rx = 6,28 in, ry = 3,76 in, J = 12,3 in⁴.
A7: DATOS DEL EJERCICIO
A8: # | B8: Dato | C8: Unidad | D8: Valor | K8: Símbolo | L8: Fórmula (texto)
A9: 1 | B9: Módulo elástico | C9: ksi | D9: 29000 | K9: E_ksi | L9: dato ingresado
A10: 2 | B10: Tensión de fluencia | C10: ksi | D10: 50 | K10: Fy_ksi | L10: dato ingresado
A11: 3 | B11: Área | C11: in² | D11: 38.8 | K11: A_in2 | L11: dato ingresado
A12: 4 | B12: Radio de giro fuerte (tabla) | C12: in | D12: 6.28 | K12: rx | L12: dato ingresado
A13: 5 | B13: Radio de giro débil (tabla) | C13: in | D13: 3.76 | K13: ry | L13: dato ingresado
A14: 6 | B14: Longitud efectiva, eje fuerte (30 ft) | C14: in | D14: 360 | K14: KxLx | L14: dato ingresado
A15: 7 | B15: Longitud efectiva, eje débil (15 ft) | C15: in | D15: 180 | K15: KyLy | L15: dato ingresado
A16: 8 | B16: Carga axil mayorada adoptada para la relación de uso | C16: kip | D16: 1000 | K16: Pu_kip | L16: dato ingresado
A17: 9 | B17: Módulo elástico en MPa | C17: MPa | D17: =$D$9*6.894757 | K17: E | L17: valor = E_ksi*6.894757
A18: 10 | B18: Fluencia en MPa | C18: MPa | D18: =$D$10*6.894757 | K18: Fy | L18: valor = Fy_ksi*6.894757
A19: 11 | B19: Módulo de corte (no interviene en el resultado) | C19: MPa | D19: =$D$17/2.6 | K19: G | L19: valor = E/2.6
A20: 12 | B20: Longitud efectiva fuerte en mm | C20: mm | D20: =$D$14*25.4 | K20: Kxmm | L20: valor = KxLx*25.4
A21: 13 | B21: Longitud efectiva débil en mm | C21: mm | D21: =$D$15*25.4 | K21: Kymm | L21: valor = KyLy*25.4
A22: 14 | B22: Carga axil mayorada | C22: kN | D22: =$D$16*4.4482216 | K22: Pu | L22: valor = Pu_kip*4.4482216
A23: 15 | B23: KL/r eje fuerte (publicado: 57,32) | D23: =$D$14/$D$12 | K23: lamx | L23: valor = KxLx/rx
A24: 16 | B24: KL/r eje débil (publicado: 47,87) | D24: =$D$15/$D$13 | K24: lamy | L24: valor = KyLy/ry
A25: 17 | B25: λc gobernante | D25: =MAX($D$23,$D$24)/PI()*SQRT($D$10/$D$9) | K25: lamc | L25: valor = MAX(lamx,lamy)/PI()*SQRT(Fy_ksi/E_ksi)
A26: 18 | B26: Tensión crítica | C26: ksi | D26: =IF($D$25<=1.5,0.658^($D$25^2),0.877/$D$25^2)*$D$10 | K26: Fcr | L26: valor = IF(lamc<=1.5,0.658^(lamc^2),0.877/lamc^2)*Fy_ksi
A27: 19 | B27: φc·Pn recalculado con la fórmula del libro | C27: kip | D27: =0.85*$D$11*$D$26 | K27: phiPn | L27: valor = 0.85*A_in2*Fcr
A28: 20 | B28: φc·Pn en kN | C28: kN | D28: =$D$27*4.4482216 | K28: phiPnkN | L28: valor = phiPn*4.4482216
A30: COMPARACIÓN: TEORÍA / DATO PUBLICADO vs PROGRAMA (Atlas Estructuras 3D)
A31: # | B31: Comprobación | C31: Unidad | D31: Teoría / publicado | E31: Programa | F31: Diferencia (prog. − teoría) | G31: Error relativo | H31: Tol. relativa | I31: Tol. absoluta | J31: Estado | K31: Origen | L31: Expresión de la teoría (texto) | M31: Dónde se lee en el programa | N31: Nota
A32: 1 | B32: Esbeltez del eje fuerte KxLx/rx (publicada 57,32), la mayor | D32: =57.32 | E32: 57.328775 | F32: =E32-D32 | G32: =IF(ABS(D32)>0.000000000001,F32/D32,"—") | H32: 0.001 | I32: 1e-06 | J32: =IF(ABS(F32)<=MAX(H32*ABS(D32),I32),"OK","NO") | K32: Publicado | L32: 57.32 | M32: Barra 1: esbeltez KL/r gobernante (verificación de perfiles)
A33: 2 | B33: Resistencia de diseño a compresión φc·Pn (publicada ≈ 1 300 kip) | C33: kN | D33: =1300*4.4482216 | E33: 5768.24 | F33: =E33-D33 | G33: =IF(ABS(D33)>0.000000000001,F33/D33,"—") | H33: 0.005 | I33: 1e-06 | J33: =IF(ABS(F33)<=MAX(H33*ABS(D33),I33),"OK","NO") | K33: Publicado | L33: 1300*4.4482216 | M33: Barra 1: φc·Pn compresión (verificación de perfiles) | N33: El libro toma 1 300 kip de la tabla (por fórmula: 1 296,7 kip).
A34: 3 | B34: φc·Pn recalculado con la fórmula del libro | C34: kN | D34: =$D$28 | E34: 5768.24 | F34: =E34-D34 | G34: =IF(ABS(D34)>0.000000000001,F34/D34,"—") | H34: 0.002 | I34: 1e-06 | J34: =IF(ABS(F34)<=MAX(H34*ABS(D34),I34),"OK","NO") | K34: Fórmula | L34: phiPnkN | M34: Barra 1: φc·Pn compresión (verificación de perfiles)
A35: 4 | B35: Relación de uso Pu / φc·Pn | D35: =$D$22/$D$28 | E35: 0.77115751 | F35: =E35-D35 | G35: =IF(ABS(D35)>0.000000000001,F35/D35,"—") | H35: 0.002 | I35: 1e-06 | J35: =IF(ABS(F35)<=MAX(H35*ABS(D35),I35),"OK","NO") | K35: Fórmula | L35: Pu/phiPnkN | M35: Barra 1: relación de uso r máxima entre combinaciones de resistencia
B37: Comprobaciones dentro de tolerancia | D37: =COUNTIF(J32:J35,"OK") | E37: =ROWS(J32:J35) | F37: =IF(D37=E37,"VERIFICA","DIFIERE")
B38: Azul = dato ingresado o valor que entregó el programa (pegado); negro = fórmula de Excel. El valor «Programa» es el resultado del motor de cálculo de la app para el mismo modelo.

Sheet Ej C01
A1: C01 · Viga biapoyada con carga uniforme (D + L y combinaciones)
A2: Solución clásica. Fuente: Soluciones clásicas de resistencia de materiales y análisis estructural (tablas de vigas, método de pendiente-deflexión, método de los nudos, castigliano)
A3: Enunciado. Viga IPE 200 de 4,00 m, apoyo fijo en A y móvil en B. Carga uniforme permanente D = 6 kN/m y sobrecarga L = 4 kN/m. Se verifican reacciones, flecha, giro, momento y corte con la combinación de servicio D+L y la de resistencia 1,2D+1,6L (comprueba también el manejo de factores).
A5: DATOS DEL EJERCICIO
A6: # | B6: Dato | C6: Unidad | D6: Valor | K6: Símbolo | L6: Fórmula (texto)
A7: 1 | B7: Módulo elástico | C7: MPa | D7: 200000 | K7: E | L7: dato ingresado
A8: 2 | B8: Luz | C8: mm | D8: 4000 | K8: L | L8: dato ingresado
A9: 3 | B9: Carga permanente | C9: kN/m | D9: 6 | K9: qD | L9: dato ingresado
A10: 4 | B10: Sobrecarga | C10: kN/m | D10: 4 | K10: qL | L10: dato ingresado
A11: 5 | B11: Ix IPE 200 (tabla: 1943 cm⁴) | C11: mm⁴ | D11: 19430000 | K11: I | L11: dato ingresado
A12: 6 | B12: Carga de servicio D+L | C12: kN/m | D12: =$D$9+$D$10 | K12: q | L12: valor = qD+qL
A13: 7 | B13: Carga última 1,2D+1,6L | C13: kN/m | D13: =1.2*$D$9+1.6*$D$10 | K13: qu | L13: valor = 1.2*qD+1.6*qL
A15: COMPARACIÓN: TEORÍA / DATO PUBLICADO vs PROGRAMA (Atlas Estructuras 3D)
A16: # | B16: Comprobación | C16: Unidad | D16: Teoría / publicado | E16: Programa | F16: Diferencia (prog. − teoría) | G16: Error relativo | H16: Tol. relativa | I16: Tol. absoluta | J16: Estado | K16: Origen | L16: Expresión de la teoría (texto) | M16: Dónde se lee en el programa | N16: Nota
A17: 1 | B17: Reacción en A (D+L) | C17: kN | D17: =$D$12*$D$8/2000 | E17: 20 | F17: =E17-D17 | G17: =IF(ABS(D17)>0.000000000001,F17/D17,"—") | H17: 0.0001 | I17: 1e-06 | J17: =IF(ABS(F17)<=MAX(H17*ABS(D17),I17),"OK","NO") | K17: Fórmula | L17: q*L/2000 | M17: Reacción Fz en el nudo 1 · combinación «S1: D+L»
A18: 2 | B18: Reacción en B (1,2D+1,6L) | C18: kN | D18: =$D$13*$D$8/2000 | E18: 27.2 | F18: =E18-D18 | G18: =IF(ABS(D18)>0.000000000001,F18/D18,"—") | H18: 0.0001 | I18: 1e-06 | J18: =IF(ABS(F18)<=MAX(H18*ABS(D18),I18),"OK","NO") | K18: Fórmula | L18: qu*L/2000 | M18: Reacción Fz en el nudo 2 · combinación «U2: 1,2D+1,6L»
A19: 3 | B19: Flecha en el centro (D+L) | C19: mm | D19: =-5*$D$12*$D$8^4/(384*$D$7*$D$11) | E19: -8.5778006 | F19: =E19-D19 | G19: =IF(ABS(D19)>0.000000000001,F19/D19,"—") | H19: 0.0001 | I19: 1e-06 | J19: =IF(ABS(F19)<=MAX(H19*ABS(D19),I19),"OK","NO") | K19: Fórmula | L19: -5*q*L^4/(384*E*I) | M19: Barra 1, en x = 0.5·L, flecha vy (plano del alma) · combinación «S1: D+L»
A20: 4 | B20: Giro en el apoyo A (D+L) | C20: rad | D20: =ABS($D$12*$D$8^3/(24*$D$7*$D$11)) | E20: 0.0068622405 | F20: =E20-D20 | G20: =IF(ABS(D20)>0.000000000001,F20/D20,"—") | H20: 0.0001 | I20: 1e-06 | J20: =IF(ABS(F20)<=MAX(H20*ABS(D20),I20),"OK","NO") | K20: Fórmula | L20: q*L^3/(24*E*I) | M20: Desplazamiento Ry del nudo 1 · combinación «S1: D+L» | N20: Se comparan valores absolutos (la convención de signo es independiente del resultado).
A21: 5 | B21: Giro en el apoyo A (1,2D+1,6L) | C21: rad | D21: =ABS($D$13*$D$8^3/(24*$D$7*$D$11)) | E21: 0.0093326471 | F21: =E21-D21 | G21: =IF(ABS(D21)>0.000000000001,F21/D21,"—") | H21: 0.0001 | I21: 1e-06 | J21: =IF(ABS(F21)<=MAX(H21*ABS(D21),I21),"OK","NO") | K21: Fórmula | L21: qu*L^3/(24*E*I) | M21: Desplazamiento Ry del nudo 1 · combinación «U2: 1,2D+1,6L» | N21: Se comparan valores absolutos (la convención de signo es independiente del resultado).
A22: 6 | B22: Momento máximo en el centro (1,2D+1,6L) | C22: kN·m | D22: =ABS($D$13*$D$8^2/8/1000000) | E22: 27.2 | F22: =E22-D22 | G22: =IF(ABS(D22)>0.000000000001,F22/D22,"—") | H22: 0.0001 | I22: 1e-06 | J22: =IF(ABS(F22)<=MAX(H22*ABS(D22),I22),"OK","NO") | K22: Fórmula | L22: qu*L^2/8/1000000 | M22: Barra 1, en x = 0.5·L, momento flector Mz (eje fuerte) · combinación «U2: 1,2D+1,6L» | N22: Se comparan valores absolutos (la convención de signo es independiente del resultado).
A23: 7 | B23: Corte en el apoyo A (1,2D+1,6L) | C23: kN | D23: =ABS($D$13*$D$8/2000) | E23: 27.2 | F23: =E23-D23 | G23: =IF(ABS(D23)>0.000000000001,F23/D23,"—") | H23: 0.0001 | I23: 1e-06 | J23: =IF(ABS(F23)<=MAX(H23*ABS(D23),I23),"OK","NO") | K23: Fórmula | L23: qu*L/2000 | M23: Barra 1, en x = 0·L, corte Vy (en el plano del alma) · combinación «U2: 1,2D+1,6L» | N23: Se comparan valores absolutos (la convención de signo es independiente del resultado).
A24: 8 | B24: Corte en el centro | C24: kN | D24: =0 | E24: 2.1827873e-15 | F24: =E24-D24 | G24: =IF(ABS(D24)>0.000000000001,F24/D24,"—") | H24: 0.0001 | I24: 1e-06 | J24: =IF(ABS(F24)<=MAX(H24*ABS(D24),I24),"OK","NO") | K24: Fórmula | L24: 0 | M24: Barra 1, en x = 0.5·L, corte Vy (en el plano del alma) · combinación «U2: 1,2D+1,6L»
A25: 9 | B25: Momento en el apoyo A | C25: kN·m | D25: =0 | E25: -9.3326583e-09 | F25: =E25-D25 | G25: =IF(ABS(D25)>0.000000000001,F25/D25,"—") | H25: 0.0001 | I25: 1e-06 | J25: =IF(ABS(F25)<=MAX(H25*ABS(D25),I25),"OK","NO") | K25: Fórmula | L25: 0 | M25: Barra 1, en x = 0·L, momento flector Mz (eje fuerte) · combinación «U2: 1,2D+1,6L»
B27: Comprobaciones dentro de tolerancia | D27: =COUNTIF(J17:J25,"OK") | E27: =ROWS(J17:J25) | F27: =IF(D27=E27,"VERIFICA","DIFIERE")
B28: Azul = dato ingresado o valor que entregó el programa (pegado); negro = fórmula de Excel. El valor «Programa» es el resultado del motor de cálculo de la app para el mismo modelo.

Sheet Ej C02
A1: C02 · Voladizo con carga puntual en el extremo
A2: Solución clásica. Fuente: Soluciones clásicas de resistencia de materiales y análisis estructural (tablas de vigas, método de pendiente-deflexión, método de los nudos, castigliano)
A3: Enunciado. Voladizo IPE 200 de 2,50 m empotrado en el nudo 1, con una carga vertical de 15 kN hacia abajo en el extremo libre. Se comparan flecha y giro del extremo, reacciones, diagramas y la flecha a media luz.
A5: DATOS DEL EJERCICIO
A6: # | B6: Dato | C6: Unidad | D6: Valor | K6: Símbolo | L6: Fórmula (texto)
A7: 1 | B7: Módulo elástico | C7: MPa | D7: 200000 | K7: E | L7: dato ingresado
A8: 2 | B8: Largo | C8: mm | D8: 2500 | K8: L | L8: dato ingresado
A9: 3 | B9: Carga en el extremo | C9: kN | D9: 15 | K9: P | L9: dato ingresado
A10: 4 | B10: Ix IPE 200 | C10: mm⁴ | D10: 19430000 | K10: I | L10: dato ingresado
A12: COMPARACIÓN: TEORÍA / DATO PUBLICADO vs PROGRAMA (Atlas Estructuras 3D)
A13: # | B13: Comprobación | C13: Unidad | D13: Teoría / publicado | E13: Programa | F13: Diferencia (prog. − teoría) | G13: Error relativo | H13: Tol. relativa | I13: Tol. absoluta | J13: Estado | K13: Origen | L13: Expresión de la teoría (texto) | M13: Dónde se lee en el programa | N13: Nota
A14: 1 | B14: Flecha del extremo | C14: mm | D14: =-$D$9*1000*$D$8^3/(3*$D$7*$D$10) | E14: -20.10422 | F14: =E14-D14 | G14: =IF(ABS(D14)>0.000000000001,F14/D14,"—") | H14: 0.0001 | I14: 1e-06 | J14: =IF(ABS(F14)<=MAX(H14*ABS(D14),I14),"OK","NO") | K14: Fórmula | L14: -P*1000*L^3/(3*E*I) | M14: Desplazamiento Uz del nudo 2 · combinación «C1: 1,0·D»
A15: 2 | B15: Giro del extremo | C15: rad | D15: =ABS($D$9*1000*$D$8^2/(2*$D$7*$D$10)) | E15: 0.012062532 | F15: =E15-D15 | G15: =IF(ABS(D15)>0.000000000001,F15/D15,"—") | H15: 0.0001 | I15: 1e-06 | J15: =IF(ABS(F15)<=MAX(H15*ABS(D15),I15),"OK","NO") | K15: Fórmula | L15: P*1000*L^2/(2*E*I) | M15: Desplazamiento Ry del nudo 2 · combinación «C1: 1,0·D» | N15: Se comparan valores absolutos (la convención de signo es independiente del resultado).
A16: 3 | B16: Flecha a media luz | C16: mm | D16: =-$D$9*1000*($D$8/2)^2*(3*$D$8-$D$8/2)/(6*$D$7*$D$10) | E16: -6.2825688 | F16: =E16-D16 | G16: =IF(ABS(D16)>0.000000000001,F16/D16,"—") | H16: 0.0001 | I16: 1e-06 | J16: =IF(ABS(F16)<=MAX(H16*ABS(D16),I16),"OK","NO") | K16: Fórmula | L16: -P*1000*(L/2)^2*(3*L-L/2)/(6*E*I) | M16: Barra 1, en x = 0.5·L, flecha vy (plano del alma) · combinación «C1: 1,0·D»
A17: 4 | B17: Reacción vertical | C17: kN | D17: =$D$9 | E17: 15 | F17: =E17-D17 | G17: =IF(ABS(D17)>0.000000000001,F17/D17,"—") | H17: 0.0001 | I17: 1e-06 | J17: =IF(ABS(F17)<=MAX(H17*ABS(D17),I17),"OK","NO") | K17: Fórmula | L17: P | M17: Reacción Fz en el nudo 1 · combinación «C1: 1,0·D»
A18: 5 | B18: Momento de empotramiento | C18: kN·m | D18: =ABS($D$9*$D$8/1000) | E18: 37.5 | F18: =E18-D18 | G18: =IF(ABS(D18)>0.000000000001,F18/D18,"—") | H18: 0.0001 | I18: 1e-06 | J18: =IF(ABS(F18)<=MAX(H18*ABS(D18),I18),"OK","NO") | K18: Fórmula | L18: P*L/1000 | M18: Reacción My en el nudo 1 · combinación «C1: 1,0·D» | N18: Se comparan valores absolutos (la convención de signo es independiente del resultado).
A19: 6 | B19: Corte constante | C19: kN | D19: =ABS($D$9) | E19: 15 | F19: =E19-D19 | G19: =IF(ABS(D19)>0.000000000001,F19/D19,"—") | H19: 0.0001 | I19: 1e-06 | J19: =IF(ABS(F19)<=MAX(H19*ABS(D19),I19),"OK","NO") | K19: Fórmula | L19: P | M19: Barra 1, en x = 0.5·L, corte Vy (en el plano del alma) · combinación «C1: 1,0·D» | N19: Se comparan valores absolutos (la convención de signo es independiente del resultado).
A20: 7 | B20: Momento a media luz | C20: kN·m | D20: =ABS($D$9*($D$8/2)/1000) | E20: 18.75 | F20: =E20-D20 | G20: =IF(ABS(D20)>0.000000000001,F20/D20,"—") | H20: 0.0001 | I20: 1e-06 | J20: =IF(ABS(F20)<=MAX(H20*ABS(D20),I20),"OK","NO") | K20: Fórmula | L20: P*(L/2)/1000 | M20: Barra 1, en x = 0.5·L, momento flector Mz (eje fuerte) · combinación «C1: 1,0·D» | N20: Se comparan valores absolutos (la convención de signo es independiente del resultado).
A21: 8 | B21: Esfuerzo axil | C21: kN | D21: =0 | E21: 0 | F21: =E21-D21 | G21: =IF(ABS(D21)>0.000000000001,F21/D21,"—") | H21: 0.0001 | I21: 1e-06 | J21: =IF(ABS(F21)<=MAX(H21*ABS(D21),I21),"OK","NO") | K21: Fórmula | L21: 0 | M21: Barra 1, en x = 0.5·L, esfuerzo axil N (tracción +) · combinación «C1: 1,0·D»
B23: Comprobaciones dentro de tolerancia | D23: =COUNTIF(J14:J21,"OK") | E23: =ROWS(J14:J21) | F23: =IF(D23=E23,"VERIFICA","DIFIERE")
B24: Azul = dato ingresado o valor que entregó el programa (pegado); negro = fórmula de Excel. El valor «Programa» es el resultado del motor de cálculo de la app para el mismo modelo.

Sheet Ej C03
A1: C03 · Voladizo con carga uniforme
A2: Solución clásica. Fuente: Soluciones clásicas de resistencia de materiales y análisis estructural (tablas de vigas, método de pendiente-deflexión, método de los nudos, castigliano)
A3: Enunciado. Voladizo UPN 200 de 3,00 m con carga permanente de 8 kN/m. Flecha y giro del extremo, flecha a media luz, reacciones y momento de empotramiento.
A5: DATOS DEL EJERCICIO
A6: # | B6: Dato | C6: Unidad | D6: Valor | K6: Símbolo | L6: Fórmula (texto)
A7: 1 | B7: Módulo elástico | C7: MPa | D7: 200000 | K7: E | L7: dato ingresado
A8: 2 | B8: Largo | C8: mm | D8: 3000 | K8: L | L8: dato ingresado
A9: 3 | B9: Carga uniforme | C9: kN/m | D9: 8 | K9: q | L9: dato ingresado
A10: 4 | B10: Ix UPN 200 (tabla: 1910 cm⁴) | C10: mm⁴ | D10: 19100000 | K10: I | L10: dato ingresado
A12: COMPARACIÓN: TEORÍA / DATO PUBLICADO vs PROGRAMA (Atlas Estructuras 3D)
A13: # | B13: Comprobación | C13: Unidad | D13: Teoría / publicado | E13: Programa | F13: Diferencia (prog. − teoría) | G13: Error relativo | H13: Tol. relativa | I13: Tol. absoluta | J13: Estado | K13: Origen | L13: Expresión de la teoría (texto) | M13: Dónde se lee en el programa | N13: Nota
A14: 1 | B14: Flecha del extremo | C14: mm | D14: =-$D$9*$D$8^4/(8*$D$7*$D$10) | E14: -21.204188 | F14: =E14-D14 | G14: =IF(ABS(D14)>0.000000000001,F14/D14,"—") | H14: 0.0001 | I14: 1e-06 | J14: =IF(ABS(F14)<=MAX(H14*ABS(D14),I14),"OK","NO") | K14: Fórmula | L14: -q*L^4/(8*E*I) | M14: Desplazamiento Uz del nudo 2 · combinación «C1: 1,0·D»
A15: 2 | B15: Giro del extremo | C15: rad | D15: =ABS($D$9*$D$8^3/(6*$D$7*$D$10)) | E15: 0.0094240838 | F15: =E15-D15 | G15: =IF(ABS(D15)>0.000000000001,F15/D15,"—") | H15: 0.0001 | I15: 1e-06 | J15: =IF(ABS(F15)<=MAX(H15*ABS(D15),I15),"OK","NO") | K15: Fórmula | L15: q*L^3/(6*E*I) | M15: Desplazamiento Ry del nudo 2 · combinación «C1: 1,0·D» | N15: Se comparan valores absolutos (la convención de signo es independiente del resultado).
A16: 3 | B16: Flecha a media luz | C16: mm | D16: =-$D$9*($D$8/2)^2*(6*$D$8^2-4*$D$8*($D$8/2)+($D$8/2)^2)/(24*$D$7*$D$10) | E16: -7.5098168 | F16: =E16-D16 | G16: =IF(ABS(D16)>0.000000000001,F16/D16,"—") | H16: 0.0001 | I16: 1e-06 | J16: =IF(ABS(F16)<=MAX(H16*ABS(D16),I16),"OK","NO") | K16: Fórmula | L16: -q*(L/2)^2*(6*L^2-4*L*(L/2)+(L/2)^2)/(24*E*I) | M16: Barra 1, en x = 0.5·L, flecha vy (plano del alma) · combinación «C1: 1,0·D»
A17: 4 | B17: Reacción vertical | C17: kN | D17: =$D$9*$D$8/1000 | E17: 24 | F17: =E17-D17 | G17: =IF(ABS(D17)>0.000000000001,F17/D17,"—") | H17: 0.0001 | I17: 1e-06 | J17: =IF(ABS(F17)<=MAX(H17*ABS(D17),I17),"OK","NO") | K17: Fórmula | L17: q*L/1000 | M17: Reacción Fz en el nudo 1 · combinación «C1: 1,0·D»
A18: 5 | B18: Momento de empotramiento | C18: kN·m | D18: =ABS($D$9*$D$8^2/2/1000000) | E18: 36 | F18: =E18-D18 | G18: =IF(ABS(D18)>0.000000000001,F18/D18,"—") | H18: 0.0001 | I18: 1e-06 | J18: =IF(ABS(F18)<=MAX(H18*ABS(D18),I18),"OK","NO") | K18: Fórmula | L18: q*L^2/2/1000000 | M18: Reacción My en el nudo 1 · combinación «C1: 1,0·D» | N18: Se comparan valores absolutos (la convención de signo es independiente del resultado).
A19: 6 | B19: Momento a media luz | C19: kN·m | D19: =ABS($D$9*($D$8/2)^2/2/1000000) | E19: 9 | F19: =E19-D19 | G19: =IF(ABS(D19)>0.000000000001,F19/D19,"—") | H19: 0.0001 | I19: 1e-06 | J19: =IF(ABS(F19)<=MAX(H19*ABS(D19),I19),"OK","NO") | K19: Fórmula | L19: q*(L/2)^2/2/1000000 | M19: Barra 1, en x = 0.5·L, momento flector Mz (eje fuerte) · combinación «C1: 1,0·D» | N19: Se comparan valores absolutos (la convención de signo es independiente del resultado).
B21: Comprobaciones dentro de tolerancia | D21: =COUNTIF(J14:J19,"OK") | E21: =ROWS(J14:J19) | F21: =IF(D21=E21,"VERIFICA","DIFIERE")
B22: Azul = dato ingresado o valor que entregó el programa (pegado); negro = fórmula de Excel. El valor «Programa» es el resultado del motor de cálculo de la app para el mismo modelo.

Sheet Ej C04
A1: C04 · Viga biempotrada con carga uniforme
A2: Solución clásica. Fuente: Soluciones clásicas de resistencia de materiales y análisis estructural (tablas de vigas, método de pendiente-deflexión, método de los nudos, castigliano)
A3: Enunciado. Viga IPE 240 de 5,00 m empotrada en ambos extremos con 12 kN/m. Momentos de empotramiento perfecto qL²/12, momento central qL²/24 y flecha qL⁴/(384EI).
A5: DATOS DEL EJERCICIO
A6: # | B6: Dato | C6: Unidad | D6: Valor | K6: Símbolo | L6: Fórmula (texto)
A7: 1 | B7: Módulo elástico | C7: MPa | D7: 200000 | K7: E | L7: dato ingresado
A8: 2 | B8: Luz | C8: mm | D8: 5000 | K8: L | L8: dato ingresado
A9: 3 | B9: Carga uniforme | C9: kN/m | D9: 12 | K9: q | L9: dato ingresado
A10: 4 | B10: Ix IPE 240 (tabla: 3892 cm⁴) | C10: mm⁴ | D10: 38920000 | K10: I | L10: dato ingresado
A12: COMPARACIÓN: TEORÍA / DATO PUBLICADO vs PROGRAMA (Atlas Estructuras 3D)
A13: # | B13: Comprobación | C13: Unidad | D13: Teoría / publicado | E13: Programa | F13: Diferencia (prog. − teoría) | G13: Error relativo | H13: Tol. relativa | I13: Tol. absoluta | J13: Estado | K13: Origen | L13: Expresión de la teoría (texto) | M13: Dónde se lee en el programa | N13: Nota
A14: 1 | B14: Reacción vertical en cada extremo | C14: kN | D14: =$D$9*$D$8/2000 | E14: 30 | F14: =E14-D14 | G14: =IF(ABS(D14)>0.000000000001,F14/D14,"—") | H14: 0.0001 | I14: 1e-06 | J14: =IF(ABS(F14)<=MAX(H14*ABS(D14),I14),"OK","NO") | K14: Fórmula | L14: q*L/2000 | M14: Reacción Fz en el nudo 1 · combinación «C1: 1,0·D»
A15: 2 | B15: Momento de empotramiento | C15: kN·m | D15: =ABS($D$9*$D$8^2/12/1000000) | E15: 25 | F15: =E15-D15 | G15: =IF(ABS(D15)>0.000000000001,F15/D15,"—") | H15: 0.0001 | I15: 1e-06 | J15: =IF(ABS(F15)<=MAX(H15*ABS(D15),I15),"OK","NO") | K15: Fórmula | L15: q*L^2/12/1000000 | M15: Reacción My en el nudo 1 · combinación «C1: 1,0·D» | N15: Se comparan valores absolutos (la convención de signo es independiente del resultado).
A16: 3 | B16: Momento de empotramiento (diagrama de la barra) | C16: kN·m | D16: =ABS($D$9*$D$8^2/12/1000000) | E16: 25 | F16: =E16-D16 | G16: =IF(ABS(D16)>0.000000000001,F16/D16,"—") | H16: 0.0001 | I16: 1e-06 | J16: =IF(ABS(F16)<=MAX(H16*ABS(D16),I16),"OK","NO") | K16: Fórmula | L16: q*L^2/12/1000000 | M16: Barra 1, en x = 0·L, momento flector Mz (eje fuerte) · combinación «C1: 1,0·D» | N16: Se comparan valores absolutos (la convención de signo es independiente del resultado).
A17: 4 | B17: Momento en el centro | C17: kN·m | D17: =ABS($D$9*$D$8^2/24/1000000) | E17: 12.5 | F17: =E17-D17 | G17: =IF(ABS(D17)>0.000000000001,F17/D17,"—") | H17: 0.0001 | I17: 1e-06 | J17: =IF(ABS(F17)<=MAX(H17*ABS(D17),I17),"OK","NO") | K17: Fórmula | L17: q*L^2/24/1000000 | M17: Barra 1, en x = 0.5·L, momento flector Mz (eje fuerte) · combinación «C1: 1,0·D» | N17: Se comparan valores absolutos (la convención de signo es independiente del resultado).
A18: 5 | B18: Flecha en el centro | C18: mm | D18: =-$D$9*$D$8^4/(384*$D$7*$D$10) | E18: -2.5091534 | F18: =E18-D18 | G18: =IF(ABS(D18)>0.000000000001,F18/D18,"—") | H18: 0.0001 | I18: 1e-06 | J18: =IF(ABS(F18)<=MAX(H18*ABS(D18),I18),"OK","NO") | K18: Fórmula | L18: -q*L^4/(384*E*I) | M18: Barra 1, en x = 0.5·L, flecha vy (plano del alma) · combinación «C1: 1,0·D»
A19: 6 | B19: Corte en el extremo | C19: kN | D19: =ABS($D$9*$D$8/2000) | E19: 30 | F19: =E19-D19 | G19: =IF(ABS(D19)>0.000000000001,F19/D19,"—") | H19: 0.0001 | I19: 1e-06 | J19: =IF(ABS(F19)<=MAX(H19*ABS(D19),I19),"OK","NO") | K19: Fórmula | L19: q*L/2000 | M19: Barra 1, en x = 0·L, corte Vy (en el plano del alma) · combinación «C1: 1,0·D» | N19: Se comparan valores absolutos (la convención de signo es independiente del resultado).
B21: Comprobaciones dentro de tolerancia | D21: =COUNTIF(J14:J19,"OK") | E21: =ROWS(J14:J19) | F21: =IF(D21=E21,"VERIFICA","DIFIERE")
B22: Azul = dato ingresado o valor que entregó el programa (pegado); negro = fórmula de Excel. El valor «Programa» es el resultado del motor de cálculo de la app para el mismo modelo.

Sheet Ej C05
A1: C05 · Viga continua de dos tramos iguales con carga uniforme
A2: Solución clásica. Fuente: Soluciones clásicas de resistencia de materiales y análisis estructural (tablas de vigas, método de pendiente-deflexión, método de los nudos, castigliano)
A3: Enunciado. Dos tramos de 3,50 m (IPE 200) con 10 kN/m y tres apoyos. Resultados clásicos de la ecuación de los tres momentos: reacciones 3qL/8, 10qL/8 y 3qL/8; momento en el apoyo central qL²/8 y máximo positivo 9qL²/128 a 3L/8.
A5: DATOS DEL EJERCICIO
A6: # | B6: Dato | C6: Unidad | D6: Valor | K6: Símbolo | L6: Fórmula (texto)
A7: 1 | B7: Módulo elástico | C7: MPa | D7: 200000 | K7: E | L7: dato ingresado
A8: 2 | B8: Luz de cada tramo | C8: mm | D8: 3500 | K8: L | L8: dato ingresado
A9: 3 | B9: Carga uniforme | C9: kN/m | D9: 10 | K9: q | L9: dato ingresado
A10: 4 | B10: Ix IPE 200 | C10: mm⁴ | D10: 19430000 | K10: I | L10: dato ingresado
A12: COMPARACIÓN: TEORÍA / DATO PUBLICADO vs PROGRAMA (Atlas Estructuras 3D)
A13: # | B13: Comprobación | C13: Unidad | D13: Teoría / publicado | E13: Programa | F13: Diferencia (prog. − teoría) | G13: Error relativo | H13: Tol. relativa | I13: Tol. absoluta | J13: Estado | K13: Origen | L13: Expresión de la teoría (texto) | M13: Dónde se lee en el programa | N13: Nota
A14: 1 | B14: Reacción en el apoyo extremo A | C14: kN | D14: =3*$D$9*$D$8/8000 | E14: 13.125 | F14: =E14-D14 | G14: =IF(ABS(D14)>0.000000000001,F14/D14,"—") | H14: 0.0001 | I14: 1e-06 | J14: =IF(ABS(F14)<=MAX(H14*ABS(D14),I14),"OK","NO") | K14: Fórmula | L14: 3*q*L/8000 | M14: Reacción Fz en el nudo 1 · combinación «C1: 1,0·D»
A15: 2 | B15: Reacción en el apoyo central B | C15: kN | D15: =10*$D$9*$D$8/8000 | E15: 43.75 | F15: =E15-D15 | G15: =IF(ABS(D15)>0.000000000001,F15/D15,"—") | H15: 0.0001 | I15: 1e-06 | J15: =IF(ABS(F15)<=MAX(H15*ABS(D15),I15),"OK","NO") | K15: Fórmula | L15: 10*q*L/8000 | M15: Reacción Fz en el nudo 2 · combinación «C1: 1,0·D»
A16: 3 | B16: Reacción en el apoyo extremo C | C16: kN | D16: =3*$D$9*$D$8/8000 | E16: 13.125 | F16: =E16-D16 | G16: =IF(ABS(D16)>0.000000000001,F16/D16,"—") | H16: 0.0001 | I16: 1e-06 | J16: =IF(ABS(F16)<=MAX(H16*ABS(D16),I16),"OK","NO") | K16: Fórmula | L16: 3*q*L/8000 | M16: Reacción Fz en el nudo 3 · combinación «C1: 1,0·D»
A17: 4 | B17: Momento negativo sobre el apoyo central | C17: kN·m | D17: =ABS($D$9*$D$8^2/8/1000000) | E17: 15.3125 | F17: =E17-D17 | G17: =IF(ABS(D17)>0.000000000001,F17/D17,"—") | H17: 0.0001 | I17: 1e-06 | J17: =IF(ABS(F17)<=MAX(H17*ABS(D17),I17),"OK","NO") | K17: Fórmula | L17: q*L^2/8/1000000 | M17: Barra 1, en x = 1·L, momento flector Mz (eje fuerte) · combinación «C1: 1,0·D» | N17: Se comparan valores absolutos (la convención de signo es independiente del resultado).
A18: 5 | B18: Momento positivo máximo (a 3L/8 del apoyo A) | C18: kN·m | D18: =ABS(9*$D$9*$D$8^2/128/1000000) | E18: 8.6132812 | F18: =E18-D18 | G18: =IF(ABS(D18)>0.000000000001,F18/D18,"—") | H18: 0.0001 | I18: 1e-06 | J18: =IF(ABS(F18)<=MAX(H18*ABS(D18),I18),"OK","NO") | K18: Fórmula | L18: 9*q*L^2/128/1000000 | M18: Barra 1, en x = 0.375·L, momento flector Mz (eje fuerte) · combinación «C1: 1,0·D» | N18: Se comparan valores absolutos (la convención de signo es independiente del resultado).
A19: 6 | B19: Corte a la izquierda del apoyo central | C19: kN | D19: =ABS(5*$D$9*$D$8/8000) | E19: 21.875 | F19: =E19-D19 | G19: =IF(ABS(D19)>0.000000000001,F19/D19,"—") | H19: 0.0001 | I19: 1e-06 | J19: =IF(ABS(F19)<=MAX(H19*ABS(D19),I19),"OK","NO") | K19: Fórmula | L19: 5*q*L/8000 | M19: Barra 1, en x = 1·L, corte Vy (en el plano del alma) · combinación «C1: 1,0·D» | N19: Se comparan valores absolutos (la convención de signo es independiente del resultado).
A20: 7 | B20: Giro del apoyo central (simetría) | C20: rad | D20: =0 | E20: -1.6925562e-18 | F20: =E20-D20 | G20: =IF(ABS(D20)>0.000000000001,F20/D20,"—") | H20: 0.0001 | I20: 1e-09 | J20: =IF(ABS(F20)<=MAX(H20*ABS(D20),I20),"OK","NO") | K20: Fórmula | L20: 0 | M20: Desplazamiento Ry del nudo 2 · combinación «C1: 1,0·D»
B22: Comprobaciones dentro de tolerancia | D22: =COUNTIF(J14:J20,"OK") | E22: =ROWS(J14:J20) | F22: =IF(D22=E22,"VERIFICA","DIFIERE")
B23: Azul = dato ingresado o valor que entregó el programa (pegado); negro = fórmula de Excel. El valor «Programa» es el resultado del motor de cálculo de la app para el mismo modelo.

Sheet Ej C06
A1: C06 · Viga empotrada–apoyada con carga uniforme
A2: Solución clásica. Fuente: Soluciones clásicas de resistencia de materiales y análisis estructural (tablas de vigas, método de pendiente-deflexión, método de los nudos, castigliano)
A3: Enunciado. Viga IPE 200 de 4,00 m empotrada en A y con apoyo móvil en B, carga de 10 kN/m. Reacciones 5qL/8 y 3qL/8, momento de empotramiento qL²/8, máximo positivo 9qL²/128 a 3L/8 del apoyo B, flecha a media luz qL⁴/(192EI) y giro en B qL³/(48EI).
A5: DATOS DEL EJERCICIO
A6: # | B6: Dato | C6: Unidad | D6: Valor | K6: Símbolo | L6: Fórmula (texto)
A7: 1 | B7: Módulo elástico | C7: MPa | D7: 200000 | K7: E | L7: dato ingresado
A8: 2 | B8: Luz | C8: mm | D8: 4000 | K8: L | L8: dato ingresado
A9: 3 | B9: Carga uniforme | C9: kN/m | D9: 10 | K9: q | L9: dato ingresado
A10: 4 | B10: Ix IPE 200 | C10: mm⁴ | D10: 19430000 | K10: I | L10: dato ingresado
A12: COMPARACIÓN: TEORÍA / DATO PUBLICADO vs PROGRAMA (Atlas Estructuras 3D)
A13: # | B13: Comprobación | C13: Unidad | D13: Teoría / publicado | E13: Programa | F13: Diferencia (prog. − teoría) | G13: Error relativo | H13: Tol. relativa | I13: Tol. absoluta | J13: Estado | K13: Origen | L13: Expresión de la teoría (texto) | M13: Dónde se lee en el programa | N13: Nota
A14: 1 | B14: Reacción en el empotramiento A | C14: kN | D14: =5*$D$9*$D$8/8000 | E14: 25 | F14: =E14-D14 | G14: =IF(ABS(D14)>0.000000000001,F14/D14,"—") | H14: 0.0001 | I14: 1e-06 | J14: =IF(ABS(F14)<=MAX(H14*ABS(D14),I14),"OK","NO") | K14: Fórmula | L14: 5*q*L/8000 | M14: Reacción Fz en el nudo 1 · combinación «C1: 1,0·D»
A15: 2 | B15: Reacción en el apoyo móvil B | C15: kN | D15: =3*$D$9*$D$8/8000 | E15: 15 | F15: =E15-D15 | G15: =IF(ABS(D15)>0.000000000001,F15/D15,"—") | H15: 0.0001 | I15: 1e-06 | J15: =IF(ABS(F15)<=MAX(H15*ABS(D15),I15),"OK","NO") | K15: Fórmula | L15: 3*q*L/8000 | M15: Reacción Fz en el nudo 2 · combinación «C1: 1,0·D»
A16: 3 | B16: Momento de empotramiento | C16: kN·m | D16: =ABS($D$9*$D$8^2/8/1000000) | E16: 20 | F16: =E16-D16 | G16: =IF(ABS(D16)>0.000000000001,F16/D16,"—") | H16: 0.0001 | I16: 1e-06 | J16: =IF(ABS(F16)<=MAX(H16*ABS(D16),I16),"OK","NO") | K16: Fórmula | L16: q*L^2/8/1000000 | M16: Reacción My en el nudo 1 · combinación «C1: 1,0·D» | N16: Se comparan valores absolutos (la convención de signo es independiente del resultado).
A17: 4 | B17: Momento positivo máximo (a 5L/8 de A) | C17: kN·m | D17: =ABS(9*$D$9*$D$8^2/128/1000000) | E17: 11.25 | F17: =E17-D17 | G17: =IF(ABS(D17)>0.000000000001,F17/D17,"—") | H17: 0.0001 | I17: 1e-06 | J17: =IF(ABS(F17)<=MAX(H17*ABS(D17),I17),"OK","NO") | K17: Fórmula | L17: 9*q*L^2/128/1000000 | M17: Barra 1, en x = 0.625·L, momento flector Mz (eje fuerte) · combinación «C1: 1,0·D» | N17: Se comparan valores absolutos (la convención de signo es independiente del resultado).
A18: 5 | B18: Flecha a media luz | C18: mm | D18: =-$D$9*$D$8^4/(192*$D$7*$D$10) | E18: -3.4311203 | F18: =E18-D18 | G18: =IF(ABS(D18)>0.000000000001,F18/D18,"—") | H18: 0.0001 | I18: 1e-06 | J18: =IF(ABS(F18)<=MAX(H18*ABS(D18),I18),"OK","NO") | K18: Fórmula | L18: -q*L^4/(192*E*I) | M18: Barra 1, en x = 0.5·L, flecha vy (plano del alma) · combinación «C1: 1,0·D»
A19: 6 | B19: Giro en el apoyo B | C19: rad | D19: =ABS($D$9*$D$8^3/(48*$D$7*$D$10)) | E19: 0.0034311203 | F19: =E19-D19 | G19: =IF(ABS(D19)>0.000000000001,F19/D19,"—") | H19: 0.0001 | I19: 1e-06 | J19: =IF(ABS(F19)<=MAX(H19*ABS(D19),I19),"OK","NO") | K19: Fórmula | L19: q*L^3/(48*E*I) | M19: Desplazamiento Ry del nudo 2 · combinación «C1: 1,0·D» | N19: Se comparan valores absolutos (la convención de signo es independiente del resultado).
B21: Comprobaciones dentro de tolerancia | D21: =COUNTIF(J14:J19,"OK") | E21: =ROWS(J14:J19) | F21: =IF(D21=E21,"VERIFICA","DIFIERE")
B22: Azul = dato ingresado o valor que entregó el programa (pegado); negro = fórmula de Excel. El valor «Programa» es el resultado del motor de cálculo de la app para el mismo modelo.

Sheet Ej C07
A1: C07 · Viga Gerber (articulación intermedia)
A2: Solución clásica. Fuente: Soluciones clásicas de resistencia de materiales y análisis estructural (tablas de vigas, método de pendiente-deflexión, método de los nudos, castigliano)
A3: Enunciado. Dos tramos de 3,00 m con 10 kN/m. El primero está empotrado en 1; el segundo se articula al extremo del primero (momento liberado en el nudo 2) y se apoya en 3. Es isostática: R3 = qL/2, R1 = 3qL/2, M1 = qL². Verifica la liberación de momentos y la recuperación del giro liberado.
A5: DATOS DEL EJERCICIO
A6: # | B6: Dato | C6: Unidad | D6: Valor | K6: Símbolo | L6: Fórmula (texto)
A7: 1 | B7: Módulo elástico | C7: MPa | D7: 200000 | K7: E | L7: dato ingresado
A8: 2 | B8: Luz de cada tramo | C8: mm | D8: 3000 | K8: L | L8: dato ingresado
A9: 3 | B9: Carga uniforme | C9: kN/m | D9: 10 | K9: q | L9: dato ingresado
A10: 4 | B10: Ix IPE 200 | C10: mm⁴ | D10: 19430000 | K10: I | L10: dato ingresado
A12: COMPARACIÓN: TEORÍA / DATO PUBLICADO vs PROGRAMA (Atlas Estructuras 3D)
A13: # | B13: Comprobación | C13: Unidad | D13: Teoría / publicado | E13: Programa | F13: Diferencia (prog. − teoría) | G13: Error relativo | H13: Tol. relativa | I13: Tol. absoluta | J13: Estado | K13: Origen | L13: Expresión de la teoría (texto) | M13: Dónde se lee en el programa | N13: Nota
A14: 1 | B14: Reacción vertical en el empotramiento | C14: kN | D14: =1.5*$D$9*$D$8/1000 | E14: 45 | F14: =E14-D14 | G14: =IF(ABS(D14)>0.000000000001,F14/D14,"—") | H14: 0.0001 | I14: 1e-06 | J14: =IF(ABS(F14)<=MAX(H14*ABS(D14),I14),"OK","NO") | K14: Fórmula | L14: 1.5*q*L/1000 | M14: Reacción Fz en el nudo 1 · combinación «C1: 1,0·D»
A15: 2 | B15: Momento de empotramiento | C15: kN·m | D15: =ABS($D$9*$D$8^2/1000000) | E15: 90 | F15: =E15-D15 | G15: =IF(ABS(D15)>0.000000000001,F15/D15,"—") | H15: 0.0001 | I15: 1e-06 | J15: =IF(ABS(F15)<=MAX(H15*ABS(D15),I15),"OK","NO") | K15: Fórmula | L15: q*L^2/1000000 | M15: Reacción My en el nudo 1 · combinación «C1: 1,0·D» | N15: Se comparan valores absolutos (la convención de signo es independiente del resultado).
A16: 3 | B16: Reacción en el apoyo móvil | C16: kN | D16: =$D$9*$D$8/2000 | E16: 15 | F16: =E16-D16 | G16: =IF(ABS(D16)>0.000000000001,F16/D16,"—") | H16: 0.0001 | I16: 1e-06 | J16: =IF(ABS(F16)<=MAX(H16*ABS(D16),I16),"OK","NO") | K16: Fórmula | L16: q*L/2000 | M16: Reacción Fz en el nudo 3 · combinación «C1: 1,0·D»
A17: 4 | B17: Descenso de la articulación (nudo 2) | C17: mm | D17: =-7*$D$9*$D$8^4/(24*$D$7*$D$10) | E17: -60.795162 | F17: =E17-D17 | G17: =IF(ABS(D17)>0.000000000001,F17/D17,"—") | H17: 0.0001 | I17: 1e-06 | J17: =IF(ABS(F17)<=MAX(H17*ABS(D17),I17),"OK","NO") | K17: Fórmula | L17: -7*q*L^4/(24*E*I) | M17: Desplazamiento Uz del nudo 2 · combinación «C1: 1,0·D»
A18: 5 | B18: Giro del extremo del primer tramo | C18: rad | D18: =ABS(5*$D$9*$D$8^3/(12*$D$7*$D$10)) | E18: 0.028950077 | F18: =E18-D18 | G18: =IF(ABS(D18)>0.000000000001,F18/D18,"—") | H18: 0.0001 | I18: 1e-06 | J18: =IF(ABS(F18)<=MAX(H18*ABS(D18),I18),"OK","NO") | K18: Fórmula | L18: 5*q*L^3/(12*E*I) | M18: Desplazamiento Ry del nudo 2 · combinación «C1: 1,0·D» | N18: Se comparan valores absolutos (la convención de signo es independiente del resultado).
A19: 6 | B19: Momento en la articulación, lado tramo 2 | C19: kN·m | D19: =0 | E19: 7.5798762e-15 | F19: =E19-D19 | G19: =IF(ABS(D19)>0.000000000001,F19/D19,"—") | H19: 0.0001 | I19: 1e-06 | J19: =IF(ABS(F19)<=MAX(H19*ABS(D19),I19),"OK","NO") | K19: Fórmula | L19: 0 | M19: Barra 2, en x = 0·L, momento flector Mz (eje fuerte) · combinación «C1: 1,0·D»
A20: 7 | B20: Momento en la articulación, lado tramo 1 | C20: kN·m | D20: =0 | E20: 2.8950095e-08 | F20: =E20-D20 | G20: =IF(ABS(D20)>0.000000000001,F20/D20,"—") | H20: 0.0001 | I20: 1e-06 | J20: =IF(ABS(F20)<=MAX(H20*ABS(D20),I20),"OK","NO") | K20: Fórmula | L20: 0 | M20: Barra 1, en x = 1·L, momento flector Mz (eje fuerte) · combinación «C1: 1,0·D»
A21: 8 | B21: Momento a media luz del tramo 2 | C21: kN·m | D21: =ABS($D$9*$D$8^2/8/1000000) | E21: 11.25 | F21: =E21-D21 | G21: =IF(ABS(D21)>0.000000000001,F21/D21,"—") | H21: 0.0001 | I21: 1e-06 | J21: =IF(ABS(F21)<=MAX(H21*ABS(D21),I21),"OK","NO") | K21: Fórmula | L21: q*L^2/8/1000000 | M21: Barra 2, en x = 0.5·L, momento flector Mz (eje fuerte) · combinación «C1: 1,0·D» | N21: Se comparan valores absolutos (la convención de signo es independiente del resultado).
B23: Comprobaciones dentro de tolerancia | D23: =COUNTIF(J14:J21,"OK") | E23: =ROWS(J14:J21) | F23: =IF(D23=E23,"VERIFICA","DIFIERE")
B24: Azul = dato ingresado o valor que entregó el programa (pegado); negro = fórmula de Excel. El valor «Programa» es el resultado del motor de cálculo de la app para el mismo modelo.

Sheet Ej C08
A1: C08 · Reticulado plano triangular (método de los nudos)
A2: Solución clásica. Fuente: Soluciones clásicas de resistencia de materiales y análisis estructural (tablas de vigas, método de pendiente-deflexión, método de los nudos, castigliano)
A3: Enunciado. Triángulo isósceles de base 4,00 m y altura 3,00 m, barras articuladas (A = 500 mm²), apoyo fijo en A, móvil en B y carga vertical de 30 kN en el vértice C. Esfuerzos por equilibrio de nudos y descenso del vértice por trabajos virtuales.
A5: DATOS DEL EJERCICIO
A6: # | B6: Dato | C6: Unidad | D6: Valor | K6: Símbolo | L6: Fórmula (texto)
A7: 1 | B7: Módulo elástico | C7: MPa | D7: 200000 | K7: E | L7: dato ingresado
A8: 2 | B8: Base | C8: mm | D8: 4000 | K8: Lab | L8: dato ingresado
A9: 3 | B9: Altura | C9: mm | D9: 3000 | K9: H | L9: dato ingresado
A10: 4 | B10: Área de cada barra | C10: mm² | D10: 500 | K10: A | L10: dato ingresado
A11: 5 | B11: Carga en el vértice | C11: kN | D11: 30 | K11: P | L11: dato ingresado
A12: 6 | B12: Longitud de las barras inclinadas | C12: mm | D12: =SQRT(($D$8/2)^2+$D$9^2) | K12: Lc | L12: valor = SQRT((Lab/2)^2+H^2)
A13: 7 | B13: Ángulo de las barras inclinadas | C13: rad | D13: =ATAN($D$9/($D$8/2)) | K13: alfa | L13: valor = ATAN(H/(Lab/2))
A15: COMPARACIÓN: TEORÍA / DATO PUBLICADO vs PROGRAMA (Atlas Estructuras 3D)
A16: # | B16: Comprobación | C16: Unidad | D16: Teoría / publicado | E16: Programa | F16: Diferencia (prog. − teoría) | G16: Error relativo | H16: Tol. relativa | I16: Tol. absoluta | J16: Estado | K16: Origen | L16: Expresión de la teoría (texto) | M16: Dónde se lee en el programa | N16: Nota
A17: 1 | B17: Axil de la barra inclinada 1 (compresión −) | C17: kN | D17: =-$D$11/(2*SIN($D$13)) | E17: -18.027756 | F17: =E17-D17 | G17: =IF(ABS(D17)>0.000000000001,F17/D17,"—") | H17: 0.0001 | I17: 1e-06 | J17: =IF(ABS(F17)<=MAX(H17*ABS(D17),I17),"OK","NO") | K17: Fórmula | L17: -P/(2*SIN(alfa)) | M17: Barra 1, en x = 0.5·L, esfuerzo axil N (tracción +) · combinación «C1: 1,0·D»
A18: 2 | B18: Axil de la barra inclinada 2 | C18: kN | D18: =-$D$11/(2*SIN($D$13)) | E18: -18.027756 | F18: =E18-D18 | G18: =IF(ABS(D18)>0.000000000001,F18/D18,"—") | H18: 0.0001 | I18: 1e-06 | J18: =IF(ABS(F18)<=MAX(H18*ABS(D18),I18),"OK","NO") | K18: Fórmula | L18: -P/(2*SIN(alfa)) | M18: Barra 2, en x = 0.5·L, esfuerzo axil N (tracción +) · combinación «C1: 1,0·D»
A19: 3 | B19: Axil del tirante AB (tracción +) | C19: kN | D19: =$D$11/(2*TAN($D$13)) | E19: 10 | F19: =E19-D19 | G19: =IF(ABS(D19)>0.000000000001,F19/D19,"—") | H19: 0.0001 | I19: 1e-06 | J19: =IF(ABS(F19)<=MAX(H19*ABS(D19),I19),"OK","NO") | K19: Fórmula | L19: P/(2*TAN(alfa)) | M19: Barra 3, en x = 0.5·L, esfuerzo axil N (tracción +) · combinación «C1: 1,0·D»
A20: 4 | B20: Descenso del vértice C | C20: mm | D20: =-$D$11*1000/($D$7*$D$10)*(2*(1/(2*SIN($D$13)))^2*$D$12+(1/(2*TAN($D$13)))^2*$D$8) | E20: -0.91453611 | F20: =E20-D20 | G20: =IF(ABS(D20)>0.000000000001,F20/D20,"—") | H20: 0.0001 | I20: 1e-06 | J20: =IF(ABS(F20)<=MAX(H20*ABS(D20),I20),"OK","NO") | K20: Fórmula | L20: -P*1000/(E*A)*(2*(1/(2*SIN(alfa)))^2*Lc+(1/(2*TAN(alfa)))^2*Lab) | M20: Desplazamiento Uz del nudo 3 · combinación «C1: 1,0·D»
A21: 5 | B21: Corrimiento horizontal del apoyo móvil B | C21: mm | D21: =$D$11/(2*TAN($D$13))*1000*$D$8/($D$7*$D$10) | E21: 0.4 | F21: =E21-D21 | G21: =IF(ABS(D21)>0.000000000001,F21/D21,"—") | H21: 0.0001 | I21: 1e-06 | J21: =IF(ABS(F21)<=MAX(H21*ABS(D21),I21),"OK","NO") | K21: Fórmula | L21: P/(2*TAN(alfa))*1000*Lab/(E*A) | M21: Desplazamiento Ux del nudo 2 · combinación «C1: 1,0·D»
A22: 6 | B22: Reacción vertical en A | C22: kN | D22: =$D$11/2 | E22: 15 | F22: =E22-D22 | G22: =IF(ABS(D22)>0.000000000001,F22/D22,"—") | H22: 0.0001 | I22: 1e-06 | J22: =IF(ABS(F22)<=MAX(H22*ABS(D22),I22),"OK","NO") | K22: Fórmula | L22: P/2 | M22: Reacción Fz en el nudo 1 · combinación «C1: 1,0·D»
A23: 7 | B23: Reacción vertical en B | C23: kN | D23: =$D$11/2 | E23: 15 | F23: =E23-D23 | G23: =IF(ABS(D23)>0.000000000001,F23/D23,"—") | H23: 0.0001 | I23: 1e-06 | J23: =IF(ABS(F23)<=MAX(H23*ABS(D23),I23),"OK","NO") | K23: Fórmula | L23: P/2 | M23: Reacción Fz en el nudo 2 · combinación «C1: 1,0·D»
A24: 8 | B24: Reacción horizontal en A | C24: kN | D24: =0 | E24: -1.8189894e-15 | F24: =E24-D24 | G24: =IF(ABS(D24)>0.000000000001,F24/D24,"—") | H24: 0.0001 | I24: 1e-06 | J24: =IF(ABS(F24)<=MAX(H24*ABS(D24),I24),"OK","NO") | K24: Fórmula | L24: 0 | M24: Reacción Fx en el nudo 1 · combinación «C1: 1,0·D»
B26: Comprobaciones dentro de tolerancia | D26: =COUNTIF(J17:J24,"OK") | E26: =ROWS(J17:J24) | F26: =IF(D26=E26,"VERIFICA","DIFIERE")
B27: Azul = dato ingresado o valor que entregó el programa (pegado); negro = fórmula de Excel. El valor «Programa» es el resultado del motor de cálculo de la app para el mismo modelo.

Sheet Ej C09
A1: C09 · Reticulado espacial: trípode con carga vertical y horizontal
A2: Solución clásica. Fuente: Soluciones clásicas de resistencia de materiales y análisis estructural (tablas de vigas, método de pendiente-deflexión, método de los nudos, castigliano)
A3: Enunciado. Tres barras articuladas (A = 500 mm²) unen un vértice a 2,50 m de altura con tres apoyos articulados en un círculo de 2,00 m de radio, a 120° entre sí. En el vértice actúan 30 kN hacia abajo y 12 kN horizontal en X. Esfuerzos por equilibrio espacial del nudo y desplazamientos del vértice por trabajos virtuales.
A5: DATOS DEL EJERCICIO
A6: # | B6: Dato | C6: Unidad | D6: Valor | K6: Símbolo | L6: Fórmula (texto)
A7: 1 | B7: Módulo elástico | C7: MPa | D7: 200000 | K7: E | L7: dato ingresado
A8: 2 | B8: Radio de la base | C8: mm | D8: 2000 | K8: R | L8: dato ingresado
A9: 3 | B9: Altura del vértice | C9: mm | D9: 2500 | K9: Ht | L9: dato ingresado
A10: 4 | B10: Área de cada barra | C10: mm² | D10: 500 | K10: A | L10: dato ingresado
A11: 5 | B11: Carga vertical (hacia abajo) | C11: kN | D11: 30 | K11: P | L11: dato ingresado
A12: 6 | B12: Carga horizontal en X | C12: kN | D12: 12 | K12: Hx | L12: dato ingresado
A13: 7 | B13: Longitud de cada barra | C13: mm | D13: =SQRT($D$8^2+$D$9^2) | K13: Lc | L13: valor = SQRT(R^2+Ht^2)
A14: 8 | B14: cos de la inclinación respecto de la vertical (R/Lc) | D14: =$D$8/$D$13 | K14: a | L14: valor = R/Lc
A15: 9 | B15: sen de la inclinación sobre la horizontal (H/Lc) | D15: =$D$9/$D$13 | K15: b | L15: valor = Ht/Lc
A17: COMPARACIÓN: TEORÍA / DATO PUBLICADO vs PROGRAMA (Atlas Estructuras 3D)
A18: # | B18: Comprobación | C18: Unidad | D18: Teoría / publicado | E18: Programa | F18: Diferencia (prog. − teoría) | G18: Error relativo | H18: Tol. relativa | I18: Tol. absoluta | J18: Estado | K18: Origen | L18: Expresión de la teoría (texto) | M18: Dónde se lee en el programa | N18: Nota
A19: 1 | B19: Axil barra 1 (base a 90°) | C19: kN | D19: =-$D$11/(3*$D$15) | E19: -12.806248 | F19: =E19-D19 | G19: =IF(ABS(D19)>0.000000000001,F19/D19,"—") | H19: 0.0001 | I19: 1e-06 | J19: =IF(ABS(F19)<=MAX(H19*ABS(D19),I19),"OK","NO") | K19: Fórmula | L19: -P/(3*b) | M19: Barra 1, en x = 0.5·L, esfuerzo axil N (tracción +) · combinación «C1: D + Hx»
A20: 2 | B20: Axil barra 2 (base a 210°) | C20: kN | D20: =-$D$11/(3*$D$15)-2*$D$12/(3*$D$14)*COS(7*PI()/6) | E20: -1.715712 | F20: =E20-D20 | G20: =IF(ABS(D20)>0.000000000001,F20/D20,"—") | H20: 0.0001 | I20: 1e-06 | J20: =IF(ABS(F20)<=MAX(H20*ABS(D20),I20),"OK","NO") | K20: Fórmula | L20: -P/(3*b)-2*Hx/(3*a)*COS(7*PI()/6) | M20: Barra 2, en x = 0.5·L, esfuerzo axil N (tracción +) · combinación «C1: D + Hx»
A21: 3 | B21: Axil barra 3 (base a 330°) | C21: kN | D21: =-$D$11/(3*$D$15)-2*$D$12/(3*$D$14)*COS(11*PI()/6) | E21: -23.896785 | F21: =E21-D21 | G21: =IF(ABS(D21)>0.000000000001,F21/D21,"—") | H21: 0.0001 | I21: 1e-06 | J21: =IF(ABS(F21)<=MAX(H21*ABS(D21),I21),"OK","NO") | K21: Fórmula | L21: -P/(3*b)-2*Hx/(3*a)*COS(11*PI()/6) | M21: Barra 3, en x = 0.5·L, esfuerzo axil N (tracción +) · combinación «C1: D + Hx»
A22: 4 | B22: Descenso del vértice | C22: mm | D22: =-$D$11*1000*$D$13/(3*$D$15^2*$D$7*$D$10) | E22: -0.52505619 | F22: =E22-D22 | G22: =IF(ABS(D22)>0.000000000001,F22/D22,"—") | H22: 0.0001 | I22: 1e-06 | J22: =IF(ABS(F22)<=MAX(H22*ABS(D22),I22),"OK","NO") | K22: Fórmula | L22: -P*1000*Lc/(3*b^2*E*A) | M22: Desplazamiento Uz del nudo 1 · combinación «C1: D + Hx»
A23: 5 | B23: Corrimiento horizontal del vértice en X | C23: mm | D23: =2*$D$12*1000*$D$13/(3*$D$14^2*$D$7*$D$10) | E23: 0.65632023 | F23: =E23-D23 | G23: =IF(ABS(D23)>0.000000000001,F23/D23,"—") | H23: 0.0001 | I23: 1e-06 | J23: =IF(ABS(F23)<=MAX(H23*ABS(D23),I23),"OK","NO") | K23: Fórmula | L23: 2*Hx*1000*Lc/(3*a^2*E*A) | M23: Desplazamiento Ux del nudo 1 · combinación «C1: D + Hx»
A24: 6 | B24: Corrimiento horizontal del vértice en Y | C24: mm | D24: =0 | E24: 0 | F24: =E24-D24 | G24: =IF(ABS(D24)>0.000000000001,F24/D24,"—") | H24: 0.0001 | I24: 1e-06 | J24: =IF(ABS(F24)<=MAX(H24*ABS(D24),I24),"OK","NO") | K24: Fórmula | L24: 0 | M24: Desplazamiento Uy del nudo 1 · combinación «C1: D + Hx»
A25: 7 | B25: Suma de reacciones verticales | C25: kN | D25: =$D$11 | E25: 30 | F25: =E25-D25 | G25: =IF(ABS(D25)>0.000000000001,F25/D25,"—") | H25: 0.0001 | I25: 1e-06 | J25: =IF(ABS(F25)<=MAX(H25*ABS(D25),I25),"OK","NO") | K25: Fórmula | L25: P | M25: Suma de reacciones Fz en los nudos 2, 3, 4 · combinación «C1: D + Hx»
A26: 8 | B26: Suma de reacciones horizontales en X | C26: kN | D26: =-$D$12 | E26: -12 | F26: =E26-D26 | G26: =IF(ABS(D26)>0.000000000001,F26/D26,"—") | H26: 0.0001 | I26: 1e-06 | J26: =IF(ABS(F26)<=MAX(H26*ABS(D26),I26),"OK","NO") | K26: Fórmula | L26: -Hx | M26: Suma de reacciones Fx en los nudos 2, 3, 4 · combinación «C1: D + Hx»
B28: Comprobaciones dentro de tolerancia | D28: =COUNTIF(J19:J26,"OK") | E28: =ROWS(J19:J26) | F28: =IF(D28=E28,"VERIFICA","DIFIERE")
B29: Azul = dato ingresado o valor que entregó el programa (pegado); negro = fórmula de Excel. El valor «Programa» es el resultado del motor de cálculo de la app para el mismo modelo.

Sheet Ej C10
A1: C10 · Pórtico plano articulado en la base con carga lateral
A2: Solución clásica. Fuente: Soluciones clásicas de resistencia de materiales y análisis estructural (tablas de vigas, método de pendiente-deflexión, método de los nudos, castigliano)
A3: Enunciado. Columnas IPE 200 de 3,50 m articuladas en la base y viga IPE 300 de 5,00 m. Fuerza horizontal de 20 kN en el nudo superior izquierdo. Solución por pendiente-deflexión (nudos con giro y desplazamiento lateral, barras inextensibles): Δ = H·h²(a+b)/(2ab) con a = 3EIc/h y b = 6EIb/L. Se usan las inercias de tabla con área ficticia muy grande (barras inextensibles) porque la solución clásica desprecia la deformación axial; con las áreas reales de los IPE el programa se aparta de esta solución hasta un 2,3 % (giro de los nudos), diferencia atribuible a esa deformación y no a un error de cálculo.
A5: DATOS DEL EJERCICIO
A6: # | B6: Dato | C6: Unidad | D6: Valor | K6: Símbolo | L6: Fórmula (texto)
A7: 1 | B7: Módulo elástico | C7: MPa | D7: 200000 | K7: E | L7: dato ingresado
A8: 2 | B8: Fuerza horizontal en el nudo 2 | C8: kN | D8: 20 | K8: H | L8: dato ingresado
A9: 3 | B9: Altura de las columnas | C9: mm | D9: 3500 | K9: h | L9: dato ingresado
A10: 4 | B10: Luz de la viga | C10: mm | D10: 5000 | K10: L | L10: dato ingresado
A11: 5 | B11: Inercia de las columnas (IPE 200: 1943 cm⁴) | C11: mm⁴ | D11: 19430000 | K11: Ic | L11: dato ingresado
A12: 6 | B12: Inercia de la viga (IPE 300: 8356 cm⁴) | C12: mm⁴ | D12: 83560000 | K12: Ib | L12: dato ingresado
A13: 7 | B13: Rigidez EI/h de la columna | C13: N·mm | D13: =$D$7*$D$11/$D$9 | K13: Kc | L13: valor = E*Ic/h
A14: 8 | B14: Rigidez EI/L de la viga | C14: N·mm | D14: =$D$7*$D$12/$D$10 | K14: Kb | L14: valor = E*Ib/L
A15: 9 | B15: Rigidez lateral de la columna articulada | C15: N·mm | D15: =3*$D$13 | K15: a | L15: valor = 3*Kc
A16: 10 | B16: Rigidez de la viga con giros iguales | C16: N·mm | D16: =6*$D$14 | K16: b | L16: valor = 6*Kb
A17: 11 | B17: Desplazamiento lateral teórico | C17: mm | D17: =$D$8*1000*$D$9^2*($D$15+$D$16)/(2*$D$15*$D$16) | K17: Dsw | L17: valor = H*1000*h^2*(a+b)/(2*a*b)
A19: COMPARACIÓN: TEORÍA / DATO PUBLICADO vs PROGRAMA (Atlas Estructuras 3D)
A20: # | B20: Comprobación | C20: Unidad | D20: Teoría / publicado | E20: Programa | F20: Diferencia (prog. − teoría) | G20: Error relativo | H20: Tol. relativa | I20: Tol. absoluta | J20: Estado | K20: Origen | L20: Expresión de la teoría (texto) | M20: Dónde se lee en el programa | N20: Nota
A21: 1 | B21: Desplazamiento lateral del nudo 2 | C21: mm | D21: =$D$17 | E21: 42.885831 | F21: =E21-D21 | G21: =IF(ABS(D21)>0.000000000001,F21/D21,"—") | H21: 0.0001 | I21: 1e-06 | J21: =IF(ABS(F21)<=MAX(H21*ABS(D21),I21),"OK","NO") | K21: Fórmula | L21: Dsw | M21: Desplazamiento Ux del nudo 2 · combinación «C1: 1,0·Hx»
A22: 2 | B22: Desplazamiento lateral del nudo 3 | C22: mm | D22: =$D$17 | E22: 42.885785 | F22: =E22-D22 | G22: =IF(ABS(D22)>0.000000000001,F22/D22,"—") | H22: 0.0001 | I22: 1e-06 | J22: =IF(ABS(F22)<=MAX(H22*ABS(D22),I22),"OK","NO") | K22: Fórmula | L22: Dsw | M22: Desplazamiento Ux del nudo 3 · combinación «C1: 1,0·Hx»
A23: 3 | B23: Reacción horizontal en el apoyo 1 | C23: kN | D23: =-$D$8/2 | E23: -10.000004 | F23: =E23-D23 | G23: =IF(ABS(D23)>0.000000000001,F23/D23,"—") | H23: 0.0001 | I23: 1e-06 | J23: =IF(ABS(F23)<=MAX(H23*ABS(D23),I23),"OK","NO") | K23: Fórmula | L23: -H/2 | M23: Reacción Fx en el nudo 1 · combinación «C1: 1,0·Hx»
A24: 4 | B24: Reacción horizontal en el apoyo 4 | C24: kN | D24: =-$D$8/2 | E24: -9.9999958 | F24: =E24-D24 | G24: =IF(ABS(D24)>0.000000000001,F24/D24,"—") | H24: 0.0001 | I24: 1e-06 | J24: =IF(ABS(F24)<=MAX(H24*ABS(D24),I24),"OK","NO") | K24: Fórmula | L24: -H/2 | M24: Reacción Fx en el nudo 4 · combinación «C1: 1,0·Hx»
A25: 5 | B25: Reacción vertical en el apoyo 4 (vuelco) | C25: kN | D25: =$D$8*$D$9/$D$10 | E25: 14 | F25: =E25-D25 | G25: =IF(ABS(D25)>0.000000000001,F25/D25,"—") | H25: 0.0001 | I25: 1e-06 | J25: =IF(ABS(F25)<=MAX(H25*ABS(D25),I25),"OK","NO") | K25: Fórmula | L25: H*h/L | M25: Reacción Fz en el nudo 4 · combinación «C1: 1,0·Hx»
A26: 6 | B26: Reacción vertical en el apoyo 1 | C26: kN | D26: =-$D$8*$D$9/$D$10 | E26: -14 | F26: =E26-D26 | G26: =IF(ABS(D26)>0.000000000001,F26/D26,"—") | H26: 0.0001 | I26: 1e-06 | J26: =IF(ABS(F26)<=MAX(H26*ABS(D26),I26),"OK","NO") | K26: Fórmula | L26: -H*h/L | M26: Reacción Fz en el nudo 1 · combinación «C1: 1,0·Hx»
A27: 7 | B27: Momento en el extremo de la viga (nudo 2) | C27: kN·m | D27: =ABS($D$8*$D$9/2/1000) | E27: 35.000015 | F27: =E27-D27 | G27: =IF(ABS(D27)>0.000000000001,F27/D27,"—") | H27: 0.0001 | I27: 1e-06 | J27: =IF(ABS(F27)<=MAX(H27*ABS(D27),I27),"OK","NO") | K27: Fórmula | L27: H*h/2/1000 | M27: Barra 2, en x = 0·L, momento flector Mz (eje fuerte) · combinación «C1: 1,0·Hx» | N27: Se comparan valores absolutos (la convención de signo es independiente del resultado).
B29: Comprobaciones dentro de tolerancia | D29: =COUNTIF(J21:J27,"OK") | E29: =ROWS(J21:J27) | F29: =IF(D29=E29,"VERIFICA","DIFIERE")
B30: Azul = dato ingresado o valor que entregó el programa (pegado); negro = fórmula de Excel. El valor «Programa» es el resultado del motor de cálculo de la app para el mismo modelo.

Sheet Ej C11
A1: C11 · Pórtico plano empotrado en la base con carga lateral
A2: Solución clásica. Fuente: Soluciones clásicas de resistencia de materiales y análisis estructural (tablas de vigas, método de pendiente-deflexión, método de los nudos, castigliano)
A3: Enunciado. Mismo pórtico que C10 pero con empotramientos en la base. Pendiente-deflexión: Δ = H·h²(2Kc+3Kb)/(12·Kc·(Kc+6Kb)), giro θ = 6KcΔ/(h(4Kc+6Kb)), momentos M_sup = 4Kcθ − 6KcΔ/h y M_base = 2Kcθ − 6KcΔ/h. Barras inextensibles como en la solución clásica (área ficticia muy grande); con las áreas reales de los IPE la diferencia llega al 2,3 % en el giro de los nudos.
A5: DATOS DEL EJERCICIO
A6: # | B6: Dato | C6: Unidad | D6: Valor | K6: Símbolo | L6: Fórmula (texto)
A7: 1 | B7: Módulo elástico | C7: MPa | D7: 200000 | K7: E | L7: dato ingresado
A8: 2 | B8: Fuerza horizontal en el nudo 2 | C8: kN | D8: 20 | K8: H | L8: dato ingresado
A9: 3 | B9: Altura de las columnas | C9: mm | D9: 3500 | K9: h | L9: dato ingresado
A10: 4 | B10: Luz de la viga | C10: mm | D10: 5000 | K10: L | L10: dato ingresado
A11: 5 | B11: Inercia de las columnas (IPE 200: 1943 cm⁴) | C11: mm⁴ | D11: 19430000 | K11: Ic | L11: dato ingresado
A12: 6 | B12: Inercia de la viga (IPE 300: 8356 cm⁴) | C12: mm⁴ | D12: 83560000 | K12: Ib | L12: dato ingresado
A13: 7 | B13: Rigidez EI/h de la columna | C13: N·mm | D13: =$D$7*$D$11/$D$9 | K13: Kc | L13: valor = E*Ic/h
A14: 8 | B14: Rigidez EI/L de la viga | C14: N·mm | D14: =$D$7*$D$12/$D$10 | K14: Kb | L14: valor = E*Ib/L
A15: 9 | B15: Desplazamiento lateral teórico | C15: mm | D15: =$D$8*1000*$D$9^2*(2*$D$13+3*$D$14)/(12*$D$13*($D$13+6*$D$14)) | K15: Dsw | L15: valor = H*1000*h^2*(2*Kc+3*Kb)/(12*Kc*(Kc+6*Kb))
A16: 10 | B16: Giro de los nudos superiores | C16: rad | D16: =6*$D$13*$D$15/($D$9*(4*$D$13+6*$D$14)) | K16: th | L16: valor = 6*Kc*Dsw/(h*(4*Kc+6*Kb))
A17: 11 | B17: Momento en la cabeza de la columna | C17: N·mm | D17: =ABS(4*$D$13*$D$16-6*$D$13*$D$15/$D$9) | K17: Mt | L17: valor = ABS(4*Kc*th-6*Kc*Dsw/h)
A18: 12 | B18: Momento en la base | C18: N·mm | D18: =ABS(2*$D$13*$D$16-6*$D$13*$D$15/$D$9) | K18: Mb | L18: valor = ABS(2*Kc*th-6*Kc*Dsw/h)
A20: COMPARACIÓN: TEORÍA / DATO PUBLICADO vs PROGRAMA (Atlas Estructuras 3D)
A21: # | B21: Comprobación | C21: Unidad | D21: Teoría / publicado | E21: Programa | F21: Diferencia (prog. − teoría) | G21: Error relativo | H21: Tol. relativa | I21: Tol. absoluta | J21: Estado | K21: Origen | L21: Expresión de la teoría (texto) | M21: Dónde se lee en el programa | N21: Nota
A22: 1 | B22: Desplazamiento lateral del nudo 2 | C22: mm | D22: =$D$15 | E22: 10.641362 | F22: =E22-D22 | G22: =IF(ABS(D22)>0.000000000001,F22/D22,"—") | H22: 0.0001 | I22: 1e-06 | J22: =IF(ABS(F22)<=MAX(H22*ABS(D22),I22),"OK","NO") | K22: Fórmula | L22: Dsw | M22: Desplazamiento Ux del nudo 2 · combinación «C1: 1,0·Hx»
A23: 2 | B23: Desplazamiento lateral del nudo 3 | C23: mm | D23: =$D$15 | E23: 10.641316 | F23: =E23-D23 | G23: =IF(ABS(D23)>0.000000000001,F23/D23,"—") | H23: 0.0001 | I23: 1e-06 | J23: =IF(ABS(F23)<=MAX(H23*ABS(D23),I23),"OK","NO") | K23: Fórmula | L23: Dsw | M23: Desplazamiento Ux del nudo 3 · combinación «C1: 1,0·Hx»
A24: 3 | B24: Giro del nudo 2 | C24: rad | D24: =ABS($D$16) | E24: 0.00082686618 | F24: =E24-D24 | G24: =IF(ABS(D24)>0.000000000001,F24/D24,"—") | H24: 0.0001 | I24: 1e-06 | J24: =IF(ABS(F24)<=MAX(H24*ABS(D24),I24),"OK","NO") | K24: Fórmula | L24: th | M24: Desplazamiento Ry del nudo 2 · combinación «C1: 1,0·Hx» | N24: Se comparan valores absolutos (la convención de signo es independiente del resultado).
A25: 4 | B25: Reacción horizontal en el empotramiento 1 | C25: kN | D25: =-$D$8/2 | E25: -10.000018 | F25: =E25-D25 | G25: =IF(ABS(D25)>0.000000000001,F25/D25,"—") | H25: 0.0001 | I25: 1e-06 | J25: =IF(ABS(F25)<=MAX(H25*ABS(D25),I25),"OK","NO") | K25: Fórmula | L25: -H/2 | M25: Reacción Fx en el nudo 1 · combinación «C1: 1,0·Hx»
A26: 5 | B26: Momento de empotramiento en la base 1 | C26: kN·m | D26: =ABS($D$18/1000000) | E26: 18.418089 | F26: =E26-D26 | G26: =IF(ABS(D26)>0.000000000001,F26/D26,"—") | H26: 0.0001 | I26: 1e-06 | J26: =IF(ABS(F26)<=MAX(H26*ABS(D26),I26),"OK","NO") | K26: Fórmula | L26: Mb/1000000 | M26: Reacción My en el nudo 1 · combinación «C1: 1,0·Hx» | N26: Se comparan valores absolutos (la convención de signo es independiente del resultado).
A27: 6 | B27: Momento en la cabeza de la columna 1 | C27: kN·m | D27: =ABS($D$17/1000000) | E27: 16.581973 | F27: =E27-D27 | G27: =IF(ABS(D27)>0.000000000001,F27/D27,"—") | H27: 0.0001 | I27: 1e-06 | J27: =IF(ABS(F27)<=MAX(H27*ABS(D27),I27),"OK","NO") | K27: Fórmula | L27: Mt/1000000 | M27: Barra 1, en x = 1·L, momento flector Mz (eje fuerte) · combinación «C1: 1,0·Hx» | N27: Se comparan valores absolutos (la convención de signo es independiente del resultado).
A28: 7 | B28: Momento en el extremo de la viga (nudo 2) | C28: kN·m | D28: =ABS($D$17/1000000) | E28: 16.581973 | F28: =E28-D28 | G28: =IF(ABS(D28)>0.000000000001,F28/D28,"—") | H28: 0.0001 | I28: 1e-06 | J28: =IF(ABS(F28)<=MAX(H28*ABS(D28),I28),"OK","NO") | K28: Fórmula | L28: Mt/1000000 | M28: Barra 2, en x = 0·L, momento flector Mz (eje fuerte) · combinación «C1: 1,0·Hx» | N28: Se comparan valores absolutos (la convención de signo es independiente del resultado).
A29: 8 | B29: Reacción vertical en el apoyo 4 (par resistente) | C29: kN | D29: =ABS(($D$8*1000*$D$9-2*$D$18)/$D$10/1000) | E29: 6.6327787 | F29: =E29-D29 | G29: =IF(ABS(D29)>0.000000000001,F29/D29,"—") | H29: 0.0001 | I29: 1e-06 | J29: =IF(ABS(F29)<=MAX(H29*ABS(D29),I29),"OK","NO") | K29: Fórmula | L29: (H*1000*h-2*Mb)/L/1000 | M29: Reacción Fz en el nudo 4 · combinación «C1: 1,0·Hx» | N29: Se comparan valores absolutos (la convención de signo es independiente del resultado).
B31: Comprobaciones dentro de tolerancia | D31: =COUNTIF(J22:J29,"OK") | E31: =ROWS(J22:J29) | F31: =IF(D31=E31,"VERIFICA","DIFIERE")
B32: Azul = dato ingresado o valor que entregó el programa (pegado); negro = fórmula de Excel. El valor «Programa» es el resultado del motor de cálculo de la app para el mismo modelo.

Sheet Ej C12
A1: C12 · Pórtico plano empotrado con carga uniforme en el dintel
A2: Solución clásica. Fuente: Soluciones clásicas de resistencia de materiales y análisis estructural (tablas de vigas, método de pendiente-deflexión, método de los nudos, castigliano)
A3: Enunciado. Pórtico de C11 con carga permanente de 15 kN/m sobre la viga. Carga simétrica: sin desplazamiento lateral. Pendiente-deflexión: θ = (qL²/12)/(4Kc+2Kb); M_col = 4Kcθ en la cabeza y 2Kcθ en la base; empuje horizontal (M_cab + M_base)/h; momento positivo en el centro de la viga qL²/8 − M_cab.
A5: DATOS DEL EJERCICIO
A6: # | B6: Dato | C6: Unidad | D6: Valor | K6: Símbolo | L6: Fórmula (texto)
A7: 1 | B7: Módulo elástico | C7: MPa | D7: 200000 | K7: E | L7: dato ingresado
A8: 2 | B8: Carga uniforme sobre la viga | C8: kN/m | D8: 15 | K8: q | L8: dato ingresado
A9: 3 | B9: Altura de las columnas | C9: mm | D9: 3500 | K9: h | L9: dato ingresado
A10: 4 | B10: Luz de la viga | C10: mm | D10: 5000 | K10: L | L10: dato ingresado
A11: 5 | B11: Inercia de las columnas (IPE 200: 1943 cm⁴) | C11: mm⁴ | D11: 19430000 | K11: Ic | L11: dato ingresado
A12: 6 | B12: Inercia de la viga (IPE 300: 8356 cm⁴) | C12: mm⁴ | D12: 83560000 | K12: Ib | L12: dato ingresado
A13: 7 | B13: Rigidez EI/h de la columna | C13: N·mm | D13: =$D$7*$D$11/$D$9 | K13: Kc | L13: valor = E*Ic/h
A14: 8 | B14: Rigidez EI/L de la viga | C14: N·mm | D14: =$D$7*$D$12/$D$10 | K14: Kb | L14: valor = E*Ib/L
A15: 9 | B15: Giro de los nudos superiores | C15: rad | D15: =$D$8*$D$10^2/12/(4*$D$13+2*$D$14) | K15: th | L15: valor = q*L^2/12/(4*Kc+2*Kb)
A16: 10 | B16: Momento en la cabeza de la columna | C16: N·mm | D16: =4*$D$13*$D$15 | K16: Mt | L16: valor = 4*Kc*th
A17: 11 | B17: Momento en la base | C17: N·mm | D17: =2*$D$13*$D$15 | K17: Mb | L17: valor = 2*Kc*th
A18: 12 | B18: Empuje horizontal en cada base | C18: N | D18: =($D$16+$D$17)/$D$9 | K18: Hth | L18: valor = (Mt+Mb)/h
A20: COMPARACIÓN: TEORÍA / DATO PUBLICADO vs PROGRAMA (Atlas Estructuras 3D)
A21: # | B21: Comprobación | C21: Unidad | D21: Teoría / publicado | E21: Programa | F21: Diferencia (prog. − teoría) | G21: Error relativo | H21: Tol. relativa | I21: Tol. absoluta | J21: Estado | K21: Origen | L21: Expresión de la teoría (texto) | M21: Dónde se lee en el programa | N21: Nota
A22: 1 | B22: Reacción vertical en cada base | C22: kN | D22: =$D$8*$D$10/2000 | E22: 37.5 | F22: =E22-D22 | G22: =IF(ABS(D22)>0.000000000001,F22/D22,"—") | H22: 0.0001 | I22: 1e-06 | J22: =IF(ABS(F22)<=MAX(H22*ABS(D22),I22),"OK","NO") | K22: Fórmula | L22: q*L/2000 | M22: Reacción Fz en el nudo 1 · combinación «C1: 1,0·D»
A23: 2 | B23: Empuje horizontal en la base 1 | C23: kN | D23: =ABS($D$18/1000) | E23: 5.3460176 | F23: =E23-D23 | G23: =IF(ABS(D23)>0.000000000001,F23/D23,"—") | H23: 0.0001 | I23: 1e-06 | J23: =IF(ABS(F23)<=MAX(H23*ABS(D23),I23),"OK","NO") | K23: Fórmula | L23: Hth/1000 | M23: Reacción Fx en el nudo 1 · combinación «C1: 1,0·D» | N23: Se comparan valores absolutos (la convención de signo es independiente del resultado).
A24: 3 | B24: Momento de empotramiento en la base 1 | C24: kN·m | D24: =ABS($D$17/1000000) | E24: 6.2370127 | F24: =E24-D24 | G24: =IF(ABS(D24)>0.000000000001,F24/D24,"—") | H24: 0.0001 | I24: 1e-06 | J24: =IF(ABS(F24)<=MAX(H24*ABS(D24),I24),"OK","NO") | K24: Fórmula | L24: Mb/1000000 | M24: Reacción My en el nudo 1 · combinación «C1: 1,0·D» | N24: Se comparan valores absolutos (la convención de signo es independiente del resultado).
A25: 4 | B25: Giro del nudo 2 | C25: rad | D25: =ABS($D$15) | E25: 0.0028087528 | F25: =E25-D25 | G25: =IF(ABS(D25)>0.000000000001,F25/D25,"—") | H25: 0.0001 | I25: 1e-06 | J25: =IF(ABS(F25)<=MAX(H25*ABS(D25),I25),"OK","NO") | K25: Fórmula | L25: th | M25: Desplazamiento Ry del nudo 2 · combinación «C1: 1,0·D» | N25: Se comparan valores absolutos (la convención de signo es independiente del resultado).
A26: 5 | B26: Momento en el extremo de la viga | C26: kN·m | D26: =ABS($D$16/1000000) | E26: 12.474049 | F26: =E26-D26 | G26: =IF(ABS(D26)>0.000000000001,F26/D26,"—") | H26: 0.0001 | I26: 1e-06 | J26: =IF(ABS(F26)<=MAX(H26*ABS(D26),I26),"OK","NO") | K26: Fórmula | L26: Mt/1000000 | M26: Barra 2, en x = 0·L, momento flector Mz (eje fuerte) · combinación «C1: 1,0·D» | N26: Se comparan valores absolutos (la convención de signo es independiente del resultado).
A27: 6 | B27: Momento positivo en el centro de la viga | C27: kN·m | D27: =ABS(($D$8*$D$10^2/8-$D$16)/1000000) | E27: 34.400951 | F27: =E27-D27 | G27: =IF(ABS(D27)>0.000000000001,F27/D27,"—") | H27: 0.0001 | I27: 1e-06 | J27: =IF(ABS(F27)<=MAX(H27*ABS(D27),I27),"OK","NO") | K27: Fórmula | L27: (q*L^2/8-Mt)/1000000 | M27: Barra 2, en x = 0.5·L, momento flector Mz (eje fuerte) · combinación «C1: 1,0·D» | N27: Se comparan valores absolutos (la convención de signo es independiente del resultado).
B29: Comprobaciones dentro de tolerancia | D29: =COUNTIF(J22:J27,"OK") | E29: =ROWS(J22:J27) | F29: =IF(D29=E29,"VERIFICA","DIFIERE")
B30: Azul = dato ingresado o valor que entregó el programa (pegado); negro = fórmula de Excel. El valor «Programa» es el resultado del motor de cálculo de la app para el mismo modelo.

Sheet Ej C13
A1: C13 · Ménsula en L en el espacio (flexión + torsión)
A2: Solución clásica. Fuente: Soluciones clásicas de resistencia de materiales y análisis estructural (tablas de vigas, método de pendiente-deflexión, método de los nudos, castigliano)
A3: Enunciado. Dos barras horizontales perpendiculares: la primera de 2,00 m a lo largo de X, empotrada en el origen; la segunda de 1,50 m a lo largo de Y, desde su extremo. Carga vertical de 5 kN hacia abajo en el extremo libre. Perfil genérico I = 1000 cm⁴, J = 600 cm⁴. Por Castigliano: δ = P(a³+b³)/(3EI) + P·a·b²/(GJ); la primera barra trabaja a flexión y torsión (T = P·b).
A5: DATOS DEL EJERCICIO
A6: # | B6: Dato | C6: Unidad | D6: Valor | K6: Símbolo | L6: Fórmula (texto)
A7: 1 | B7: Módulo elástico | C7: MPa | D7: 200000 | K7: E | L7: dato ingresado
A8: 2 | B8: Módulo de corte | C8: MPa | D8: 77200 | K8: G | L8: dato ingresado
A9: 3 | B9: Inercia (1000 cm⁴) | C9: mm⁴ | D9: 10000000 | K9: I | L9: dato ingresado
A10: 4 | B10: Constante de torsión (600 cm⁴) | C10: mm⁴ | D10: 6000000 | K10: J | L10: dato ingresado
A11: 5 | B11: Largo de la barra 1 (eje X) | C11: mm | D11: 2000 | K11: a | L11: dato ingresado
A12: 6 | B12: Largo de la barra 2 (eje Y) | C12: mm | D12: 1500 | K12: b | L12: dato ingresado
A13: 7 | B13: Carga vertical en el extremo | C13: kN | D13: 5 | K13: P | L13: dato ingresado
A15: COMPARACIÓN: TEORÍA / DATO PUBLICADO vs PROGRAMA (Atlas Estructuras 3D)
A16: # | B16: Comprobación | C16: Unidad | D16: Teoría / publicado | E16: Programa | F16: Diferencia (prog. − teoría) | G16: Error relativo | H16: Tol. relativa | I16: Tol. absoluta | J16: Estado | K16: Origen | L16: Expresión de la teoría (texto) | M16: Dónde se lee en el programa | N16: Nota
A17: 1 | B17: Descenso del extremo libre | C17: mm | D17: =-($D$13*1000*($D$11^3+$D$12^3)/(3*$D$7*$D$9)+$D$13*1000*$D$11*$D$12^2/($D$8*$D$10)) | E17: -58.054296 | F17: =E17-D17 | G17: =IF(ABS(D17)>0.000000000001,F17/D17,"—") | H17: 0.0001 | I17: 1e-06 | J17: =IF(ABS(F17)<=MAX(H17*ABS(D17),I17),"OK","NO") | K17: Fórmula | L17: -(P*1000*(a^3+b^3)/(3*E*I)+P*1000*a*b^2/(G*J)) | M17: Desplazamiento Uz del nudo 3 · combinación «C1: 1,0·D»
A18: 2 | B18: Giro por torsión del nudo 2 alrededor de X | C18: rad | D18: =ABS($D$13*1000*$D$12*$D$11/($D$8*$D$10)) | E18: 0.032383419 | F18: =E18-D18 | G18: =IF(ABS(D18)>0.000000000001,F18/D18,"—") | H18: 0.0001 | I18: 1e-06 | J18: =IF(ABS(F18)<=MAX(H18*ABS(D18),I18),"OK","NO") | K18: Fórmula | L18: P*1000*b*a/(G*J) | M18: Desplazamiento Rx del nudo 2 · combinación «C1: 1,0·D» | N18: Se comparan valores absolutos (la convención de signo es independiente del resultado).
A19: 3 | B19: Giro por flexión del nudo 2 alrededor de Y | C19: rad | D19: =ABS($D$13*1000*$D$11^2/(2*$D$7*$D$9)) | E19: 0.005 | F19: =E19-D19 | G19: =IF(ABS(D19)>0.000000000001,F19/D19,"—") | H19: 0.0001 | I19: 1e-06 | J19: =IF(ABS(F19)<=MAX(H19*ABS(D19),I19),"OK","NO") | K19: Fórmula | L19: P*1000*a^2/(2*E*I) | M19: Desplazamiento Ry del nudo 2 · combinación «C1: 1,0·D» | N19: Se comparan valores absolutos (la convención de signo es independiente del resultado).
A20: 4 | B20: Reacción vertical | C20: kN | D20: =$D$13 | E20: 5 | F20: =E20-D20 | G20: =IF(ABS(D20)>0.000000000001,F20/D20,"—") | H20: 0.0001 | I20: 1e-06 | J20: =IF(ABS(F20)<=MAX(H20*ABS(D20),I20),"OK","NO") | K20: Fórmula | L20: P | M20: Reacción Fz en el nudo 1 · combinación «C1: 1,0·D»
A21: 5 | B21: Momento de reacción alrededor de X | C21: kN·m | D21: =ABS($D$13*$D$12/1000) | E21: 7.4999999 | F21: =E21-D21 | G21: =IF(ABS(D21)>0.000000000001,F21/D21,"—") | H21: 0.0001 | I21: 1e-06 | J21: =IF(ABS(F21)<=MAX(H21*ABS(D21),I21),"OK","NO") | K21: Fórmula | L21: P*b/1000 | M21: Reacción Mx en el nudo 1 · combinación «C1: 1,0·D» | N21: Se comparan valores absolutos (la convención de signo es independiente del resultado).
A22: 6 | B22: Momento de reacción alrededor de Y | C22: kN·m | D22: =ABS($D$13*$D$11/1000) | E22: 10 | F22: =E22-D22 | G22: =IF(ABS(D22)>0.000000000001,F22/D22,"—") | H22: 0.0001 | I22: 1e-06 | J22: =IF(ABS(F22)<=MAX(H22*ABS(D22),I22),"OK","NO") | K22: Fórmula | L22: P*a/1000 | M22: Reacción My en el nudo 1 · combinación «C1: 1,0·D» | N22: Se comparan valores absolutos (la convención de signo es independiente del resultado).
A23: 7 | B23: Torsor en la barra 1 | C23: kN·m | D23: =ABS($D$13*$D$12/1000) | E23: 7.4999999 | F23: =E23-D23 | G23: =IF(ABS(D23)>0.000000000001,F23/D23,"—") | H23: 0.0001 | I23: 1e-06 | J23: =IF(ABS(F23)<=MAX(H23*ABS(D23),I23),"OK","NO") | K23: Fórmula | L23: P*b/1000 | M23: Barra 1, en x = 0.5·L, torsor T · combinación «C1: 1,0·D» | N23: Se comparan valores absolutos (la convención de signo es independiente del resultado).
A24: 8 | B24: Momento flector en el empotramiento (barra 1) | C24: kN·m | D24: =ABS($D$13*$D$11/1000) | E24: 10 | F24: =E24-D24 | G24: =IF(ABS(D24)>0.000000000001,F24/D24,"—") | H24: 0.0001 | I24: 1e-06 | J24: =IF(ABS(F24)<=MAX(H24*ABS(D24),I24),"OK","NO") | K24: Fórmula | L24: P*a/1000 | M24: Barra 1, en x = 0·L, momento flector Mz (eje fuerte) · combinación «C1: 1,0·D» | N24: Se comparan valores absolutos (la convención de signo es independiente del resultado).
A25: 9 | B25: Momento flector al inicio de la barra 2 | C25: kN·m | D25: =ABS($D$13*$D$12/1000) | E25: 7.5 | F25: =E25-D25 | G25: =IF(ABS(D25)>0.000000000001,F25/D25,"—") | H25: 0.0001 | I25: 1e-06 | J25: =IF(ABS(F25)<=MAX(H25*ABS(D25),I25),"OK","NO") | K25: Fórmula | L25: P*b/1000 | M25: Barra 2, en x = 0·L, momento flector Mz (eje fuerte) · combinación «C1: 1,0·D» | N25: Se comparan valores absolutos (la convención de signo es independiente del resultado).
B27: Comprobaciones dentro de tolerancia | D27: =COUNTIF(J17:J25,"OK") | E27: =ROWS(J17:J25) | F27: =IF(D27=E27,"VERIFICA","DIFIERE")
B28: Azul = dato ingresado o valor que entregó el programa (pegado); negro = fórmula de Excel. El valor «Programa» es el resultado del motor de cálculo de la app para el mismo modelo.

Sheet Ej C14
A1: C14 · Columna en voladizo con cargas horizontales en los dos ejes
A2: Solución clásica. Fuente: Soluciones clásicas de resistencia de materiales y análisis estructural (tablas de vigas, método de pendiente-deflexión, método de los nudos, castigliano)
A3: Enunciado. Columna UPN 200 vertical de 3,00 m empotrada en la base. En la cabeza actúan 4 kN en X y 3 kN en Y; además una carga distribuida de 1,5 kN/m en X y 1,0 kN/m en Y. En X flexiona alrededor del eje fuerte (I = 1910 cm⁴) y en Y alrededor del débil (I = 148 cm⁴). Superposición de δ = FL³/(3EI) + wL⁴/(8EI).
A5: DATOS DEL EJERCICIO
A6: # | B6: Dato | C6: Unidad | D6: Valor | K6: Símbolo | L6: Fórmula (texto)
A7: 1 | B7: Módulo elástico | C7: MPa | D7: 200000 | K7: E | L7: dato ingresado
A8: 2 | B8: Altura | C8: mm | D8: 3000 | K8: L | L8: dato ingresado
A9: 3 | B9: Fuerza en la cabeza, eje X | C9: kN | D9: 4 | K9: Fx | L9: dato ingresado
A10: 4 | B10: Fuerza en la cabeza, eje Y | C10: kN | D10: 3 | K10: Fy | L10: dato ingresado
A11: 5 | B11: Carga distribuida Hx | C11: kN/m | D11: 1.5 | K11: wx | L11: dato ingresado
A12: 6 | B12: Carga distribuida Hy | C12: kN/m | D12: 1 | K12: wy | L12: dato ingresado
A13: 7 | B13: Ix UPN 200 | C13: mm⁴ | D13: 19100000 | K13: Is | L13: dato ingresado
A14: 8 | B14: Iy UPN 200 (tabla: 148 cm⁴) | C14: mm⁴ | D14: 1480000 | K14: Iw | L14: dato ingresado
A16: COMPARACIÓN: TEORÍA / DATO PUBLICADO vs PROGRAMA (Atlas Estructuras 3D)
A17: # | B17: Comprobación | C17: Unidad | D17: Teoría / publicado | E17: Programa | F17: Diferencia (prog. − teoría) | G17: Error relativo | H17: Tol. relativa | I17: Tol. absoluta | J17: Estado | K17: Origen | L17: Expresión de la teoría (texto) | M17: Dónde se lee en el programa | N17: Nota
A18: 1 | B18: Desplazamiento de la cabeza en X (eje fuerte) | C18: mm | D18: =($D$9*1000*$D$8^3/3+$D$11*$D$8^4/8)/($D$7*$D$13) | E18: 13.399869 | F18: =E18-D18 | G18: =IF(ABS(D18)>0.000000000001,F18/D18,"—") | H18: 0.0001 | I18: 1e-06 | J18: =IF(ABS(F18)<=MAX(H18*ABS(D18),I18),"OK","NO") | K18: Fórmula | L18: (Fx*1000*L^3/3+wx*L^4/8)/(E*Is) | M18: Desplazamiento Ux del nudo 2 · combinación «C1: Hx + Hy»
A19: 2 | B19: Desplazamiento de la cabeza en Y (eje débil) | C19: mm | D19: =($D$10*1000*$D$8^3/3+$D$12*$D$8^4/8)/($D$7*$D$14) | E19: 125.4223 | F19: =E19-D19 | G19: =IF(ABS(D19)>0.000000000001,F19/D19,"—") | H19: 0.0001 | I19: 1e-06 | J19: =IF(ABS(F19)<=MAX(H19*ABS(D19),I19),"OK","NO") | K19: Fórmula | L19: (Fy*1000*L^3/3+wy*L^4/8)/(E*Iw) | M19: Desplazamiento Uy del nudo 2 · combinación «C1: Hx + Hy»
A20: 3 | B20: Reacción horizontal en X | C20: kN | D20: =-($D$9+$D$11*$D$8/1000) | E20: -8.5 | F20: =E20-D20 | G20: =IF(ABS(D20)>0.000000000001,F20/D20,"—") | H20: 0.0001 | I20: 1e-06 | J20: =IF(ABS(F20)<=MAX(H20*ABS(D20),I20),"OK","NO") | K20: Fórmula | L20: -(Fx+wx*L/1000) | M20: Reacción Fx en el nudo 1 · combinación «C1: Hx + Hy»
A21: 4 | B21: Reacción horizontal en Y | C21: kN | D21: =-($D$10+$D$12*$D$8/1000) | E21: -6 | F21: =E21-D21 | G21: =IF(ABS(D21)>0.000000000001,F21/D21,"—") | H21: 0.0001 | I21: 1e-06 | J21: =IF(ABS(F21)<=MAX(H21*ABS(D21),I21),"OK","NO") | K21: Fórmula | L21: -(Fy+wy*L/1000) | M21: Reacción Fy en el nudo 1 · combinación «C1: Hx + Hy»
A22: 5 | B22: Momento de empotramiento alrededor de Y | C22: kN·m | D22: =ABS(($D$9*$D$8/1000+$D$11*$D$8^2/2/1000000)) | E22: 18.75 | F22: =E22-D22 | G22: =IF(ABS(D22)>0.000000000001,F22/D22,"—") | H22: 0.0001 | I22: 1e-06 | J22: =IF(ABS(F22)<=MAX(H22*ABS(D22),I22),"OK","NO") | K22: Fórmula | L22: (Fx*L/1000+wx*L^2/2/1000000) | M22: Reacción My en el nudo 1 · combinación «C1: Hx + Hy» | N22: Se comparan valores absolutos (la convención de signo es independiente del resultado).
A23: 6 | B23: Momento de empotramiento alrededor de X | C23: kN·m | D23: =ABS(($D$10*$D$8/1000+$D$12*$D$8^2/2/1000000)) | E23: 13.5 | F23: =E23-D23 | G23: =IF(ABS(D23)>0.000000000001,F23/D23,"—") | H23: 0.0001 | I23: 1e-06 | J23: =IF(ABS(F23)<=MAX(H23*ABS(D23),I23),"OK","NO") | K23: Fórmula | L23: (Fy*L/1000+wy*L^2/2/1000000) | M23: Reacción Mx en el nudo 1 · combinación «C1: Hx + Hy» | N23: Se comparan valores absolutos (la convención de signo es independiente del resultado).
B25: Comprobaciones dentro de tolerancia | D25: =COUNTIF(J18:J23,"OK") | E25: =ROWS(J18:J23) | F25: =IF(D25=E25,"VERIFICA","DIFIERE")
B26: Azul = dato ingresado o valor que entregó el programa (pegado); negro = fórmula de Excel. El valor «Programa» es el resultado del motor de cálculo de la app para el mismo modelo.

Sheet Ej C15
A1: C15 · Barra girada (ángulo β): eje fuerte, débil e inclinado
A2: Solución clásica. Fuente: Soluciones clásicas de resistencia de materiales y análisis estructural (tablas de vigas, método de pendiente-deflexión, método de los nudos, castigliano)
A3: Enunciado. Tres voladizos UPN 200 de 2,00 m con 2 kN hacia abajo en la punta, uno sin giro (β = 0°), otro girado 45° y otro girado 90°. Con β = 0° flexiona con el eje fuerte, con 90° con el débil, y con 45° la carga se descompone en los ejes principales: δz = (PL³/6E)(1/Is + 1/Iw), δy = (PL³/6E)(1/Iw − 1/Is).
A5: DATOS DEL EJERCICIO
A6: # | B6: Dato | C6: Unidad | D6: Valor | K6: Símbolo | L6: Fórmula (texto)
A7: 1 | B7: Módulo elástico | C7: MPa | D7: 200000 | K7: E | L7: dato ingresado
A8: 2 | B8: Largo | C8: mm | D8: 2000 | K8: L | L8: dato ingresado
A9: 3 | B9: Carga en la punta | C9: kN | D9: 2 | K9: P | L9: dato ingresado
A10: 4 | B10: Ix UPN 200 | C10: mm⁴ | D10: 19100000 | K10: Is | L10: dato ingresado
A11: 5 | B11: Iy UPN 200 | C11: mm⁴ | D11: 1480000 | K11: Iw | L11: dato ingresado
A13: COMPARACIÓN: TEORÍA / DATO PUBLICADO vs PROGRAMA (Atlas Estructuras 3D)
A14: # | B14: Comprobación | C14: Unidad | D14: Teoría / publicado | E14: Programa | F14: Diferencia (prog. − teoría) | G14: Error relativo | H14: Tol. relativa | I14: Tol. absoluta | J14: Estado | K14: Origen | L14: Expresión de la teoría (texto) | M14: Dónde se lee en el programa | N14: Nota
A15: 1 | B15: Descenso con β = 0° (eje fuerte) | C15: mm | D15: =-$D$9*1000*$D$8^3/(3*$D$7*$D$10) | E15: -1.3961606 | F15: =E15-D15 | G15: =IF(ABS(D15)>0.000000000001,F15/D15,"—") | H15: 0.0001 | I15: 1e-06 | J15: =IF(ABS(F15)<=MAX(H15*ABS(D15),I15),"OK","NO") | K15: Fórmula | L15: -P*1000*L^3/(3*E*Is) | M15: Desplazamiento Uz del nudo 2 · combinación «C1: 1,0·D»
A16: 2 | B16: Corrimiento lateral con β = 0° | C16: mm | D16: =0 | E16: 0 | F16: =E16-D16 | G16: =IF(ABS(D16)>0.000000000001,F16/D16,"—") | H16: 0.0001 | I16: 1e-06 | J16: =IF(ABS(F16)<=MAX(H16*ABS(D16),I16),"OK","NO") | K16: Fórmula | L16: 0 | M16: Desplazamiento Uy del nudo 2 · combinación «C1: 1,0·D»
A17: 3 | B17: Descenso con β = 45° | C17: mm | D17: =-$D$9*1000*$D$8^3/(6*$D$7)*(1/$D$10+1/$D$11) | E17: -9.7070892 | F17: =E17-D17 | G17: =IF(ABS(D17)>0.000000000001,F17/D17,"—") | H17: 0.0001 | I17: 1e-06 | J17: =IF(ABS(F17)<=MAX(H17*ABS(D17),I17),"OK","NO") | K17: Fórmula | L17: -P*1000*L^3/(6*E)*(1/Is+1/Iw) | M17: Desplazamiento Uz del nudo 4 · combinación «C1: 1,0·D»
A18: 4 | B18: Corrimiento lateral con β = 45° | C18: mm | D18: =ABS($D$9*1000*$D$8^3/(6*$D$7)*(1/$D$11-1/$D$10)) | E18: 8.3109287 | F18: =E18-D18 | G18: =IF(ABS(D18)>0.000000000001,F18/D18,"—") | H18: 0.0001 | I18: 1e-06 | J18: =IF(ABS(F18)<=MAX(H18*ABS(D18),I18),"OK","NO") | K18: Fórmula | L18: P*1000*L^3/(6*E)*(1/Iw-1/Is) | M18: Desplazamiento Uy del nudo 4 · combinación «C1: 1,0·D» | N18: Se comparan valores absolutos (la convención de signo es independiente del resultado).
A19: 5 | B19: Descenso con β = 90° (eje débil) | C19: mm | D19: =-$D$9*1000*$D$8^3/(3*$D$7*$D$11) | E19: -18.018018 | F19: =E19-D19 | G19: =IF(ABS(D19)>0.000000000001,F19/D19,"—") | H19: 0.0001 | I19: 1e-06 | J19: =IF(ABS(F19)<=MAX(H19*ABS(D19),I19),"OK","NO") | K19: Fórmula | L19: -P*1000*L^3/(3*E*Iw) | M19: Desplazamiento Uz del nudo 6 · combinación «C1: 1,0·D»
A20: 6 | B20: Corrimiento lateral con β = 90° | C20: mm | D20: =0 | E20: -1.0177952e-15 | F20: =E20-D20 | G20: =IF(ABS(D20)>0.000000000001,F20/D20,"—") | H20: 0.0001 | I20: 1e-06 | J20: =IF(ABS(F20)<=MAX(H20*ABS(D20),I20),"OK","NO") | K20: Fórmula | L20: 0 | M20: Desplazamiento Uy del nudo 6 · combinación «C1: 1,0·D»
B22: Comprobaciones dentro de tolerancia | D22: =COUNTIF(J15:J20,"OK") | E22: =ROWS(J15:J20) | F22: =IF(D22=E22,"VERIFICA","DIFIERE")
B23: Azul = dato ingresado o valor que entregó el programa (pegado); negro = fórmula de Excel. El valor «Programa» es el resultado del motor de cálculo de la app para el mismo modelo.

Sheet Ej C16
A1: C16 · Voladizo inclinado 30° con carga vertical
A2: Solución clásica. Fuente: Soluciones clásicas de resistencia de materiales y análisis estructural (tablas de vigas, método de pendiente-deflexión, método de los nudos, castigliano)
A3: Enunciado. Barra UPN 160 de 3,00 m empotrada en el origen e inclinada 30° sobre la horizontal en el plano XZ, con 10 kN verticales hacia abajo en la punta. Descompuesta la carga en axil (P·sen θ, compresión) y transversal (P·cos θ), el desplazamiento de la punta se proyecta a ejes globales.
A5: DATOS DEL EJERCICIO
A6: # | B6: Dato | C6: Unidad | D6: Valor | K6: Símbolo | L6: Fórmula (texto)
A7: 1 | B7: Módulo elástico | C7: MPa | D7: 200000 | K7: E | L7: dato ingresado
A8: 2 | B8: Largo | C8: mm | D8: 3000 | K8: L | L8: dato ingresado
A9: 3 | B9: Inclinación sobre la horizontal | C9: ° | D9: 30 | K9: ang | L9: dato ingresado
A10: 4 | B10: Carga vertical | C10: kN | D10: 10 | K10: P | L10: dato ingresado
A11: 5 | B11: Área UPN 160 | C11: mm² | D11: 2400 | K11: A | L11: dato ingresado
A12: 6 | B12: Ix UPN 160 (tabla: 925 cm⁴) | C12: mm⁴ | D12: 9250000 | K12: I | L12: dato ingresado
A13: 7 | B13: Inclinación | C13: rad | D13: =$D$9*PI()/180 | K13: th | L13: valor = ang*PI()/180
A14: 8 | B14: cos θ | D14: =COS($D$13) | K14: c | L14: valor = COS(th)
A15: 9 | B15: sen θ | D15: =SIN($D$13) | K15: s | L15: valor = SIN(th)
A16: 10 | B16: Acortamiento axil de la punta | C16: mm | D16: =-$D$10*1000*$D$15*$D$8/($D$7*$D$11) | K16: ua | L16: valor = -P*1000*s*L/(E*A)
A17: 11 | B17: Flecha transversal de la punta | C17: mm | D17: =-$D$10*1000*$D$14*$D$8^3/(3*$D$7*$D$12) | K17: ut | L17: valor = -P*1000*c*L^3/(3*E*I)
A19: COMPARACIÓN: TEORÍA / DATO PUBLICADO vs PROGRAMA (Atlas Estructuras 3D)
A20: # | B20: Comprobación | C20: Unidad | D20: Teoría / publicado | E20: Programa | F20: Diferencia (prog. − teoría) | G20: Error relativo | H20: Tol. relativa | I20: Tol. absoluta | J20: Estado | K20: Origen | L20: Expresión de la teoría (texto) | M20: Dónde se lee en el programa | N20: Nota
A21: 1 | B21: Desplazamiento horizontal de la punta | C21: mm | D21: =$D$16*$D$14-$D$17*$D$15 | E21: 21.038419 | F21: =E21-D21 | G21: =IF(ABS(D21)>0.000000000001,F21/D21,"—") | H21: 0.0001 | I21: 1e-06 | J21: =IF(ABS(F21)<=MAX(H21*ABS(D21),I21),"OK","NO") | K21: Fórmula | L21: ua*c-ut*s | M21: Desplazamiento Ux del nudo 2 · combinación «C1: 1,0·D»
A22: 2 | B22: Desplazamiento vertical de la punta | C22: mm | D22: =$D$16*$D$15+$D$17*$D$14 | E22: -36.502111 | F22: =E22-D22 | G22: =IF(ABS(D22)>0.000000000001,F22/D22,"—") | H22: 0.0001 | I22: 1e-06 | J22: =IF(ABS(F22)<=MAX(H22*ABS(D22),I22),"OK","NO") | K22: Fórmula | L22: ua*s+ut*c | M22: Desplazamiento Uz del nudo 2 · combinación «C1: 1,0·D»
A23: 3 | B23: Esfuerzo axil (compresión −) | C23: kN | D23: =-$D$10*$D$15 | E23: -5 | F23: =E23-D23 | G23: =IF(ABS(D23)>0.000000000001,F23/D23,"—") | H23: 0.0001 | I23: 1e-06 | J23: =IF(ABS(F23)<=MAX(H23*ABS(D23),I23),"OK","NO") | K23: Fórmula | L23: -P*s | M23: Barra 1, en x = 0.5·L, esfuerzo axil N (tracción +) · combinación «C1: 1,0·D»
A24: 4 | B24: Corte transversal | C24: kN | D24: =ABS($D$10*$D$14) | E24: 8.660254 | F24: =E24-D24 | G24: =IF(ABS(D24)>0.000000000001,F24/D24,"—") | H24: 0.0001 | I24: 1e-06 | J24: =IF(ABS(F24)<=MAX(H24*ABS(D24),I24),"OK","NO") | K24: Fórmula | L24: P*c | M24: Barra 1, en x = 0.5·L, corte Vy (en el plano del alma) · combinación «C1: 1,0·D» | N24: Se comparan valores absolutos (la convención de signo es independiente del resultado).
A25: 5 | B25: Momento en el empotramiento | C25: kN·m | D25: =ABS($D$10*$D$8*$D$14/1000) | E25: 25.980762 | F25: =E25-D25 | G25: =IF(ABS(D25)>0.000000000001,F25/D25,"—") | H25: 0.0001 | I25: 1e-06 | J25: =IF(ABS(F25)<=MAX(H25*ABS(D25),I25),"OK","NO") | K25: Fórmula | L25: P*L*c/1000 | M25: Barra 1, en x = 0·L, momento flector Mz (eje fuerte) · combinación «C1: 1,0·D» | N25: Se comparan valores absolutos (la convención de signo es independiente del resultado).
A26: 6 | B26: Reacción vertical | C26: kN | D26: =$D$10 | E26: 10 | F26: =E26-D26 | G26: =IF(ABS(D26)>0.000000000001,F26/D26,"—") | H26: 0.0001 | I26: 1e-06 | J26: =IF(ABS(F26)<=MAX(H26*ABS(D26),I26),"OK","NO") | K26: Fórmula | L26: P | M26: Reacción Fz en el nudo 1 · combinación «C1: 1,0·D»
A27: 7 | B27: Momento de reacción alrededor de Y | C27: kN·m | D27: =ABS($D$10*$D$8*$D$14/1000) | E27: 25.980762 | F27: =E27-D27 | G27: =IF(ABS(D27)>0.000000000001,F27/D27,"—") | H27: 0.0001 | I27: 1e-06 | J27: =IF(ABS(F27)<=MAX(H27*ABS(D27),I27),"OK","NO") | K27: Fórmula | L27: P*L*c/1000 | M27: Reacción My en el nudo 1 · combinación «C1: 1,0·D» | N27: Se comparan valores absolutos (la convención de signo es independiente del resultado).
B29: Comprobaciones dentro de tolerancia | D29: =COUNTIF(J21:J27,"OK") | E29: =ROWS(J21:J27) | F29: =IF(D29=E29,"VERIFICA","DIFIERE")
B30: Azul = dato ingresado o valor que entregó el programa (pegado); negro = fórmula de Excel. El valor «Programa» es el resultado del motor de cálculo de la app para el mismo modelo.

Sheet Ej C17
A1: C17 · Peso propio del perfil
A2: Solución clásica. Fuente: Soluciones clásicas de resistencia de materiales y análisis estructural (tablas de vigas, método de pendiente-deflexión, método de los nudos, castigliano)
A3: Enunciado. Viga IPE 200 de 6,00 m biapoyada, solo con su peso propio (22,4 kg/m, g = 9,80665 m/s²). El programa suma el peso del perfil al caso D. Se verifican reacciones, flecha, momento y el peso total en kg.
A5: DATOS DEL EJERCICIO
A6: # | B6: Dato | C6: Unidad | D6: Valor | K6: Símbolo | L6: Fórmula (texto)
A7: 1 | B7: Módulo elástico | C7: MPa | D7: 200000 | K7: E | L7: dato ingresado
A8: 2 | B8: Luz | C8: mm | D8: 6000 | K8: L | L8: dato ingresado
A9: 3 | B9: Masa del IPE 200 | C9: kg/m | D9: 22.4 | K9: kg | L9: dato ingresado
A10: 4 | B10: Gravedad | C10: m/s² | D10: 9.80665 | K10: g | L10: dato ingresado
A11: 5 | B11: Ix IPE 200 | C11: mm⁴ | D11: 19430000 | K11: I | L11: dato ingresado
A12: 6 | B12: Peso propio | C12: kN/m | D12: =$D$9*$D$10/1000 | K12: w | L12: valor = kg*g/1000
A14: COMPARACIÓN: TEORÍA / DATO PUBLICADO vs PROGRAMA (Atlas Estructuras 3D)
A15: # | B15: Comprobación | C15: Unidad | D15: Teoría / publicado | E15: Programa | F15: Diferencia (prog. − teoría) | G15: Error relativo | H15: Tol. relativa | I15: Tol. absoluta | J15: Estado | K15: Origen | L15: Expresión de la teoría (texto) | M15: Dónde se lee en el programa | N15: Nota
A16: 1 | B16: Reacción en el apoyo A | C16: kN | D16: =$D$12*$D$8/2/1000 | E16: 0.65900688 | F16: =E16-D16 | G16: =IF(ABS(D16)>0.000000000001,F16/D16,"—") | H16: 0.0001 | I16: 1e-06 | J16: =IF(ABS(F16)<=MAX(H16*ABS(D16),I16),"OK","NO") | K16: Fórmula | L16: w*L/2/1000 | M16: Reacción Fz en el nudo 1 · combinación «C1: 1,0·D»
A17: 2 | B17: Flecha en el centro | C17: mm | D17: =-5*$D$12*$D$8^4/(384*$D$7*$D$11) | E17: -0.953915 | F17: =E17-D17 | G17: =IF(ABS(D17)>0.000000000001,F17/D17,"—") | H17: 0.0001 | I17: 1e-06 | J17: =IF(ABS(F17)<=MAX(H17*ABS(D17),I17),"OK","NO") | K17: Fórmula | L17: -5*w*L^4/(384*E*I) | M17: Barra 1, en x = 0.5·L, flecha vy (plano del alma) · combinación «C1: 1,0·D»
A18: 3 | B18: Momento en el centro | C18: kN·m | D18: =ABS($D$12*$D$8^2/8/1000000) | E18: 0.98851032 | F18: =E18-D18 | G18: =IF(ABS(D18)>0.000000000001,F18/D18,"—") | H18: 0.0001 | I18: 1e-06 | J18: =IF(ABS(F18)<=MAX(H18*ABS(D18),I18),"OK","NO") | K18: Fórmula | L18: w*L^2/8/1000000 | M18: Barra 1, en x = 0.5·L, momento flector Mz (eje fuerte) · combinación «C1: 1,0·D» | N18: Se comparan valores absolutos (la convención de signo es independiente del resultado).
A19: 4 | B19: Peso total de la barra | C19: kg | D19: =$D$9*$D$8/1000 | E19: 134.4 | F19: =E19-D19 | G19: =IF(ABS(D19)>0.000000000001,F19/D19,"—") | H19: 0.0001 | I19: 1e-06 | J19: =IF(ABS(F19)<=MAX(H19*ABS(D19),I19),"OK","NO") | K19: Fórmula | L19: kg*L/1000 | M19: Peso total de los perfiles del modelo
B21: Comprobaciones dentro de tolerancia | D21: =COUNTIF(J16:J19,"OK") | E21: =ROWS(J16:J19) | F21: =IF(D21=E21,"VERIFICA","DIFIERE")
B22: Azul = dato ingresado o valor que entregó el programa (pegado); negro = fórmula de Excel. El valor «Programa» es el resultado del motor de cálculo de la app para el mismo modelo.

Sheet Ej N01
A1: N01 · Carga y momento puntuales dentro del tramo (viga biapoyada, plano fuerte y débil)
A2: Solución clásica. Fuente: Soluciones clásicas: Timoshenko «Resistencia de materiales» y «Theory of Elastic Stability» (Timoshenko & Gere), Roark «Formulas for Stress and Strain», método de pendiente-deflexión, Ghali & Neville «Structural Analysis» (efectos térmicos y asentamientos)
A3: Enunciado. Cuatro vigas IPE 200 biapoyadas de 4,80 m con una acción puntual a 1,20 m del apoyo A, aplicada como carga de barra (no en un nudo): (1) carga vertical de 30 kN (flexión en el plano fuerte); (2) la misma carga en dirección horizontal (flexión en el plano débil, con Iy); (3) momento puntual de 20 kN·m alrededor del eje horizontal (plano fuerte); (4) momento puntual de 20 kN·m alrededor del eje vertical (plano débil). El programa divide el tramo internamente en la abscisa de la acción y obtiene el estado exacto de la solución de Euler-Bernoulli; se comparan reacciones, cortes, momentos y flechas.
A4: Perfil. IPE 200 (tabla): Ix = 1 943 cm⁴, Iy = 142 cm⁴.
A6: DATOS DEL EJERCICIO
A7: # | B7: Dato | C7: Unidad | D7: Valor | K7: Símbolo | L7: Fórmula (texto)
A8: 1 | B8: Módulo elástico | C8: MPa | D8: 200000 | K8: E | L8: dato ingresado
A9: 2 | B9: Luz | C9: mm | D9: 4800 | K9: L | L9: dato ingresado
A10: 3 | B10: Distancia de la acción al apoyo A | C10: mm | D10: 1200 | K10: a | L10: dato ingresado
A11: 4 | B11: Distancia de la acción al apoyo B | C11: mm | D11: =$D$9-$D$10 | K11: b | L11: valor = L-a
A12: 5 | B12: Carga puntual | C12: kN | D12: 30 | K12: P | L12: dato ingresado
A13: 6 | B13: Momento puntual | C13: kN·m | D13: 20 | K13: M0 | L13: dato ingresado
A14: 7 | B14: Ix IPE 200 | C14: mm⁴ | D14: 19430000 | K14: I | L14: dato ingresado
A15: 8 | B15: Iy IPE 200 | C15: mm⁴ | D15: 1420000 | K15: Iy | L15: dato ingresado
A17: COMPARACIÓN: TEORÍA / DATO PUBLICADO vs PROGRAMA (Atlas Estructuras 3D)
A18: # | B18: Comprobación | C18: Unidad | D18: Teoría / publicado | E18: Programa | F18: Diferencia (prog. − teoría) | G18: Error relativo | H18: Tol. relativa | I18: Tol. absoluta | J18: Estado | K18: Origen | L18: Expresión de la teoría (texto) | M18: Dónde se lee en el programa | N18: Nota
A19: 1 | B19: (1) Reacción en A = P·b/L | C19: kN | D19: =$D$12*$D$11/$D$9 | E19: 22.5 | F19: =E19-D19 | G19: =IF(ABS(D19)>0.000000000001,F19/D19,"—") | H19: 0.0001 | I19: 1e-06 | J19: =IF(ABS(F19)<=MAX(H19*ABS(D19),I19),"OK","NO") | K19: Fórmula | L19: P*b/L | M19: Reacción Fz en el nudo 1 · combinación «C1: 1,0·D»
A20: 2 | B20: (1) Reacción en B = P·a/L | C20: kN | D20: =$D$12*$D$10/$D$9 | E20: 7.5 | F20: =E20-D20 | G20: =IF(ABS(D20)>0.000000000001,F20/D20,"—") | H20: 0.0001 | I20: 1e-06 | J20: =IF(ABS(F20)<=MAX(H20*ABS(D20),I20),"OK","NO") | K20: Fórmula | L20: P*a/L | M20: Reacción Fz en el nudo 2 · combinación «C1: 1,0·D»
A21: 3 | B21: (1) Corte entre A y la carga | C21: kN | D21: =ABS($D$12*$D$11/$D$9) | E21: 22.5 | F21: =E21-D21 | G21: =IF(ABS(D21)>0.000000000001,F21/D21,"—") | H21: 0.0001 | I21: 1e-06 | J21: =IF(ABS(F21)<=MAX(H21*ABS(D21),I21),"OK","NO") | K21: Fórmula | L21: P*b/L | M21: Barra 1, en x = 0.1·L, corte Vy (en el plano del alma) · combinación «C1: 1,0·D» | N21: Se comparan valores absolutos (la convención de signo es independiente del resultado).
A22: 4 | B22: (1) Corte entre la carga y B | C22: kN | D22: =ABS($D$12*$D$10/$D$9) | E22: 7.5 | F22: =E22-D22 | G22: =IF(ABS(D22)>0.000000000001,F22/D22,"—") | H22: 0.0001 | I22: 1e-06 | J22: =IF(ABS(F22)<=MAX(H22*ABS(D22),I22),"OK","NO") | K22: Fórmula | L22: P*a/L | M22: Barra 1, en x = 0.9·L, corte Vy (en el plano del alma) · combinación «C1: 1,0·D» | N22: Se comparan valores absolutos (la convención de signo es independiente del resultado).
A23: 5 | B23: (1) Momento bajo la carga = P·a·b/L | C23: kN·m | D23: =ABS($D$12*$D$10*$D$11/$D$9/1000) | E23: 27 | F23: =E23-D23 | G23: =IF(ABS(D23)>0.000000000001,F23/D23,"—") | H23: 0.0001 | I23: 1e-06 | J23: =IF(ABS(F23)<=MAX(H23*ABS(D23),I23),"OK","NO") | K23: Fórmula | L23: P*a*b/L/1000 | M23: Barra 1, en x = 0.25·L, momento flector Mz (eje fuerte) · combinación «C1: 1,0·D» | N23: Se comparan valores absolutos (la convención de signo es independiente del resultado).
A24: 6 | B24: (1) Flecha bajo la carga = P·a²·b²/(3·E·I·L) | C24: mm | D24: =-$D$12*1000*$D$10^2*$D$11^2/(3*$D$8*$D$14*$D$9) | E24: -10.005147 | F24: =E24-D24 | G24: =IF(ABS(D24)>0.000000000001,F24/D24,"—") | H24: 0.0001 | I24: 1e-06 | J24: =IF(ABS(F24)<=MAX(H24*ABS(D24),I24),"OK","NO") | K24: Fórmula | L24: -P*1000*a^2*b^2/(3*E*I*L) | M24: Barra 1, en x = 0.25·L, flecha vy (plano del alma) · combinación «C1: 1,0·D»
A25: 7 | B25: (1) Flecha a media luz (tramo de la derecha) | C25: mm | D25: =-$D$12*1000*$D$10*($D$9-$D$9/2)*(2*$D$9*($D$9/2)-($D$9/2)^2-$D$10^2)/(6*$D$8*$D$14*$D$9) | E25: -12.228513 | F25: =E25-D25 | G25: =IF(ABS(D25)>0.000000000001,F25/D25,"—") | H25: 0.0001 | I25: 1e-06 | J25: =IF(ABS(F25)<=MAX(H25*ABS(D25),I25),"OK","NO") | K25: Fórmula | L25: -P*1000*a*(L-L/2)*(2*L*(L/2)-(L/2)^2-a^2)/(6*E*I*L) | M25: Barra 1, en x = 0.5·L, flecha vy (plano del alma) · combinación «C1: 1,0·D»
A26: 8 | B26: (1) Giro en A = P·b·(L²−b²)/(6·E·I·L) | C26: rad | D26: =ABS($D$12*1000*$D$11*($D$9^2-$D$11^2)/(6*$D$8*$D$14*$D$9)) | E26: 0.0097272259 | F26: =E26-D26 | G26: =IF(ABS(D26)>0.000000000001,F26/D26,"—") | H26: 0.0001 | I26: 1e-06 | J26: =IF(ABS(F26)<=MAX(H26*ABS(D26),I26),"OK","NO") | K26: Fórmula | L26: P*1000*b*(L^2-b^2)/(6*E*I*L) | M26: Desplazamiento Ry del nudo 1 · combinación «C1: 1,0·D» | N26: Se comparan valores absolutos (la convención de signo es independiente del resultado).
A27: 9 | B27: (1) Giro en B = P·a·(L²−a²)/(6·E·I·L) | C27: rad | D27: =ABS($D$12*1000*$D$10*($D$9^2-$D$10^2)/(6*$D$8*$D$14*$D$9)) | E27: 0.0069480185 | F27: =E27-D27 | G27: =IF(ABS(D27)>0.000000000001,F27/D27,"—") | H27: 0.0001 | I27: 1e-06 | J27: =IF(ABS(F27)<=MAX(H27*ABS(D27),I27),"OK","NO") | K27: Fórmula | L27: P*1000*a*(L^2-a^2)/(6*E*I*L) | M27: Desplazamiento Ry del nudo 2 · combinación «C1: 1,0·D» | N27: Se comparan valores absolutos (la convención de signo es independiente del resultado).
A28: 10 | B28: (2) Reacción horizontal en A = −P·b/L (se opone a la carga en +Y) | C28: kN | D28: =-$D$12*$D$11/$D$9 | E28: -22.5 | F28: =E28-D28 | G28: =IF(ABS(D28)>0.000000000001,F28/D28,"—") | H28: 0.0001 | I28: 1e-06 | J28: =IF(ABS(F28)<=MAX(H28*ABS(D28),I28),"OK","NO") | K28: Fórmula | L28: -P*b/L | M28: Reacción Fy en el nudo 3 · combinación «C1: 1,0·D»
A29: 11 | B29: (2) Momento débil bajo la carga = P·a·b/L | C29: kN·m | D29: =ABS($D$12*$D$10*$D$11/$D$9/1000) | E29: 27 | F29: =E29-D29 | G29: =IF(ABS(D29)>0.000000000001,F29/D29,"—") | H29: 0.0001 | I29: 1e-06 | J29: =IF(ABS(F29)<=MAX(H29*ABS(D29),I29),"OK","NO") | K29: Fórmula | L29: P*a*b/L/1000 | M29: Barra 2, en x = 0.25·L, momento flector My (eje débil) · combinación «C1: 1,0·D» | N29: Se comparan valores absolutos (la convención de signo es independiente del resultado).
A30: 12 | B30: (2) Flecha horizontal bajo la carga = P·a²·b²/(3·E·Iy·L) | C30: mm | D30: =ABS($D$12*1000*$D$10^2*$D$11^2/(3*$D$8*$D$15*$D$9)) | E30: 136.90141 | F30: =E30-D30 | G30: =IF(ABS(D30)>0.000000000001,F30/D30,"—") | H30: 0.0001 | I30: 1e-06 | J30: =IF(ABS(F30)<=MAX(H30*ABS(D30),I30),"OK","NO") | K30: Fórmula | L30: P*1000*a^2*b^2/(3*E*Iy*L) | M30: Barra 2, en x = 0.25·L, flecha vz · combinación «C1: 1,0·D» | N30: Se comparan valores absolutos (la convención de signo es independiente del resultado).
A31: 13 | B31: (2) Flecha horizontal a media luz | C31: mm | D31: =ABS($D$12*1000*$D$10*($D$9-$D$9/2)*(2*$D$9*($D$9/2)-($D$9/2)^2-$D$10^2)/(6*$D$8*$D$15*$D$9)) | E31: 167.32394 | F31: =E31-D31 | G31: =IF(ABS(D31)>0.000000000001,F31/D31,"—") | H31: 0.0001 | I31: 1e-06 | J31: =IF(ABS(F31)<=MAX(H31*ABS(D31),I31),"OK","NO") | K31: Fórmula | L31: P*1000*a*(L-L/2)*(2*L*(L/2)-(L/2)^2-a^2)/(6*E*Iy*L) | M31: Barra 2, en x = 0.5·L, flecha vz · combinación «C1: 1,0·D» | N31: Se comparan valores absolutos (la convención de signo es independiente del resultado).
A32: 14 | B32: (3) Reacción vertical en A = −M0/L (momento +Y en el tramo) | C32: kN | D32: =-$D$13/($D$9/1000) | E32: -4.1666667 | F32: =E32-D32 | G32: =IF(ABS(D32)>0.000000000001,F32/D32,"—") | H32: 0.0001 | I32: 1e-06 | J32: =IF(ABS(F32)<=MAX(H32*ABS(D32),I32),"OK","NO") | K32: Fórmula | L32: -M0/(L/1000) | M32: Reacción Fz en el nudo 5 · combinación «C1: 1,0·D»
A33: 15 | B33: (3) Momento a la izquierda del punto = M0·a/L | C33: kN·m | D33: =ABS($D$13*(0.2*$D$9)/$D$9) | E33: 4 | F33: =E33-D33 | G33: =IF(ABS(D33)>0.000000000001,F33/D33,"—") | H33: 0.0001 | I33: 1e-06 | J33: =IF(ABS(F33)<=MAX(H33*ABS(D33),I33),"OK","NO") | K33: Fórmula | L33: M0*(0.2*L)/L | M33: Barra 3, en x = 0.2·L, momento flector Mz (eje fuerte) · combinación «C1: 1,0·D» | N33: Se comparan valores absolutos (la convención de signo es independiente del resultado).
A34: 16 | B34: (3) Momento a la derecha del punto = M0·b/L | C34: kN·m | D34: =ABS($D$13*($D$9-0.6*$D$9)/$D$9) | E34: 8 | F34: =E34-D34 | G34: =IF(ABS(D34)>0.000000000001,F34/D34,"—") | H34: 0.0001 | I34: 1e-06 | J34: =IF(ABS(F34)<=MAX(H34*ABS(D34),I34),"OK","NO") | K34: Fórmula | L34: M0*(L-0.6*L)/L | M34: Barra 3, en x = 0.6·L, momento flector Mz (eje fuerte) · combinación «C1: 1,0·D» | N34: Se comparan valores absolutos (la convención de signo es independiente del resultado).
A35: 17 | B35: (3) Flecha bajo el momento = M0·a·b·(b−a)/(3·E·I·L) | C35: mm | D35: =ABS($D$13*1000000*$D$10*$D$11*($D$11-$D$10)/(3*$D$8*$D$14*$D$9)) | E35: 3.7056099 | F35: =E35-D35 | G35: =IF(ABS(D35)>0.000000000001,F35/D35,"—") | H35: 0.0001 | I35: 1e-06 | J35: =IF(ABS(F35)<=MAX(H35*ABS(D35),I35),"OK","NO") | K35: Fórmula | L35: M0*1000000*a*b*(b-a)/(3*E*I*L) | M35: Barra 3, en x = 0.25·L, flecha vy (plano del alma) · combinación «C1: 1,0·D» | N35: Se comparan valores absolutos (la convención de signo es independiente del resultado).
A36: 18 | B36: (4) Reacción horizontal en A = +M0/L (momento +Z en el tramo) | C36: kN | D36: =$D$13/($D$9/1000) | E36: 4.1666667 | F36: =E36-D36 | G36: =IF(ABS(D36)>0.000000000001,F36/D36,"—") | H36: 0.0001 | I36: 1e-06 | J36: =IF(ABS(F36)<=MAX(H36*ABS(D36),I36),"OK","NO") | K36: Fórmula | L36: M0/(L/1000) | M36: Reacción Fy en el nudo 7 · combinación «C1: 1,0·D»
A37: 19 | B37: (4) Momento débil a la izquierda = M0·a/L | C37: kN·m | D37: =ABS($D$13*(0.2*$D$9)/$D$9) | E37: 4 | F37: =E37-D37 | G37: =IF(ABS(D37)>0.000000000001,F37/D37,"—") | H37: 0.0001 | I37: 1e-06 | J37: =IF(ABS(F37)<=MAX(H37*ABS(D37),I37),"OK","NO") | K37: Fórmula | L37: M0*(0.2*L)/L | M37: Barra 4, en x = 0.2·L, momento flector My (eje débil) · combinación «C1: 1,0·D» | N37: Se comparan valores absolutos (la convención de signo es independiente del resultado).
A38: 20 | B38: (4) Flecha horizontal bajo el momento = M0·a·b·(b−a)/(3·E·Iy·L) | C38: mm | D38: =ABS($D$13*1000000*$D$10*$D$11*($D$11-$D$10)/(3*$D$8*$D$15*$D$9)) | E38: 50.704225 | F38: =E38-D38 | G38: =IF(ABS(D38)>0.000000000001,F38/D38,"—") | H38: 0.0001 | I38: 1e-06 | J38: =IF(ABS(F38)<=MAX(H38*ABS(D38),I38),"OK","NO") | K38: Fórmula | L38: M0*1000000*a*b*(b-a)/(3*E*Iy*L) | M38: Barra 4, en x = 0.25·L, flecha vz · combinación «C1: 1,0·D» | N38: Se comparan valores absolutos (la convención de signo es independiente del resultado).
B40: Comprobaciones dentro de tolerancia | D40: =COUNTIF(J19:J38,"OK") | E40: =ROWS(J19:J38) | F40: =IF(D40=E40,"VERIFICA","DIFIERE")
B41: Azul = dato ingresado o valor que entregó el programa (pegado); negro = fórmula de Excel. El valor «Programa» es el resultado del motor de cálculo de la app para el mismo modelo.

Sheet Ej N02
A1: N02 · Carga uniforme parcial (viga biapoyada)
A2: Solución clásica. Fuente: Soluciones clásicas: Timoshenko «Resistencia de materiales» y «Theory of Elastic Stability» (Timoshenko & Gere), Roark «Formulas for Stress and Strain», método de pendiente-deflexión, Ghali & Neville «Structural Analysis» (efectos térmicos y asentamientos)
A3: Enunciado. Dos vigas IPE 200 biapoyadas de 6,00 m con una carga uniforme de 12 kN/m aplicada solo entre x = 0,50 m y x = 3,50 m (3,00 m de largo): la viga 1 con carga vertical (plano fuerte) y la viga 2 con la misma carga horizontal (plano débil, con Iy). Se comparan las reacciones, los cortes fuera de la zona cargada, el momento a media luz, el momento máximo (donde el corte se anula) y la flecha a media luz, obtenida integrando dos veces la ecuación del momento con funciones de singularidad.
A4: Perfil. IPE 200 (tabla): Ix = 1 943 cm⁴.
A6: DATOS DEL EJERCICIO
A7: # | B7: Dato | C7: Unidad | D7: Valor | K7: Símbolo | L7: Fórmula (texto)
A8: 1 | B8: Módulo elástico | C8: MPa | D8: 200000 | K8: E | L8: dato ingresado
A9: 2 | B9: Luz | C9: mm | D9: 6000 | K9: L | L9: dato ingresado
A10: 3 | B10: Inicio de la carga | C10: mm | D10: 500 | K10: a | L10: dato ingresado
A11: 4 | B11: Largo cargado | C11: mm | D11: 3000 | K11: c | L11: dato ingresado
A12: 5 | B12: Carga uniforme | C12: kN/m | D12: 12 | K12: w | L12: dato ingresado
A13: 6 | B13: Ix IPE 200 | C13: mm⁴ | D13: 19430000 | K13: I | L13: dato ingresado
A14: 7 | B14: Iy IPE 200 | C14: mm⁴ | D14: 1420000 | K14: Iy | L14: dato ingresado
A15: 8 | B15: Reacción en A | C15: N | D15: =$D$12*$D$11*($D$9-$D$10-$D$11/2)/$D$9 | K15: R1 | L15: valor = w*c*(L-a-c/2)/L
A16: 9 | B16: Reacción en B | C16: N | D16: =$D$12*$D$11-$D$15 | K16: R2 | L16: valor = w*c-R1
A17: 10 | B17: Abscisa del momento máximo (V = 0) | C17: mm | D17: =$D$10+$D$15/$D$12 | K17: x0 | L17: valor = a+R1/w
A18: 11 | B18: Constante de integración de la elástica (v(L) = 0) | C18: N·mm² | D18: =(-$D$15*$D$9^3/6+$D$12/24*($D$9-$D$10)^4-$D$12/24*MAX($D$9-$D$10-$D$11,0)^4)/$D$9 | K18: C1 | L18: valor = (-R1*L^3/6+w/24*(L-a)^4-w/24*MAX(L-a-c,0)^4)/L
A20: COMPARACIÓN: TEORÍA / DATO PUBLICADO vs PROGRAMA (Atlas Estructuras 3D)
A21: # | B21: Comprobación | C21: Unidad | D21: Teoría / publicado | E21: Programa | F21: Diferencia (prog. − teoría) | G21: Error relativo | H21: Tol. relativa | I21: Tol. absoluta | J21: Estado | K21: Origen | L21: Expresión de la teoría (texto) | M21: Dónde se lee en el programa | N21: Nota
A22: 1 | B22: Reacción en A | C22: kN | D22: =$D$15/1000 | E22: 24 | F22: =E22-D22 | G22: =IF(ABS(D22)>0.000000000001,F22/D22,"—") | H22: 0.0001 | I22: 1e-06 | J22: =IF(ABS(F22)<=MAX(H22*ABS(D22),I22),"OK","NO") | K22: Fórmula | L22: R1/1000 | M22: Reacción Fz en el nudo 1 · combinación «C1: 1,0·D»
A23: 2 | B23: Reacción en B | C23: kN | D23: =$D$16/1000 | E23: 12 | F23: =E23-D23 | G23: =IF(ABS(D23)>0.000000000001,F23/D23,"—") | H23: 0.0001 | I23: 1e-06 | J23: =IF(ABS(F23)<=MAX(H23*ABS(D23),I23),"OK","NO") | K23: Fórmula | L23: R2/1000 | M23: Reacción Fz en el nudo 2 · combinación «C1: 1,0·D»
A24: 3 | B24: Corte antes de la zona cargada | C24: kN | D24: =ABS($D$15/1000) | E24: 24 | F24: =E24-D24 | G24: =IF(ABS(D24)>0.000000000001,F24/D24,"—") | H24: 0.0001 | I24: 1e-06 | J24: =IF(ABS(F24)<=MAX(H24*ABS(D24),I24),"OK","NO") | K24: Fórmula | L24: R1/1000 | M24: Barra 1, en x = 0.05·L, corte Vy (en el plano del alma) · combinación «C1: 1,0·D» | N24: Se comparan valores absolutos (la convención de signo es independiente del resultado).
A25: 4 | B25: Corte después de la zona cargada | C25: kN | D25: =ABS($D$16/1000) | E25: 12 | F25: =E25-D25 | G25: =IF(ABS(D25)>0.000000000001,F25/D25,"—") | H25: 0.0001 | I25: 1e-06 | J25: =IF(ABS(F25)<=MAX(H25*ABS(D25),I25),"OK","NO") | K25: Fórmula | L25: R2/1000 | M25: Barra 1, en x = 0.9·L, corte Vy (en el plano del alma) · combinación «C1: 1,0·D» | N25: Se comparan valores absolutos (la convención de signo es independiente del resultado).
A26: 5 | B26: Momento a media luz (dentro de la zona cargada) | C26: kN·m | D26: =ABS(($D$15*$D$9/2-$D$12*($D$9/2-$D$10)^2/2)/1000000) | E26: 34.5 | F26: =E26-D26 | G26: =IF(ABS(D26)>0.000000000001,F26/D26,"—") | H26: 0.0001 | I26: 1e-06 | J26: =IF(ABS(F26)<=MAX(H26*ABS(D26),I26),"OK","NO") | K26: Fórmula | L26: (R1*L/2-w*(L/2-a)^2/2)/1000000 | M26: Barra 1, en x = 0.5·L, momento flector Mz (eje fuerte) · combinación «C1: 1,0·D» | N26: Se comparan valores absolutos (la convención de signo es independiente del resultado).
A27: 6 | B27: Momento máximo (V = 0) en x0 | C27: kN·m | D27: =ABS(($D$15*$D$10+$D$15^2/(2*$D$12))/1000000) | E27: 36 | F27: =E27-D27 | G27: =IF(ABS(D27)>0.000000000001,F27/D27,"—") | H27: 0.0001 | I27: 1e-06 | J27: =IF(ABS(F27)<=MAX(H27*ABS(D27),I27),"OK","NO") | K27: Fórmula | L27: (R1*a+R1^2/(2*w))/1000000 | M27: Barra 1, en x = 0.4166666666666667·L, momento flector Mz (eje fuerte) · combinación «C1: 1,0·D» | N27: Se comparan valores absolutos (la convención de signo es independiente del resultado).
A28: 7 | B28: Flecha a media luz (funciones de singularidad) | C28: mm | D28: =($D$15*($D$9/2)^3/6-$D$12/24*MAX($D$9/2-$D$10,0)^4+$D$12/24*MAX($D$9/2-$D$10-$D$11,0)^4+$D$18*($D$9/2))/($D$8*$D$13) | E28: -32.046127 | F28: =E28-D28 | G28: =IF(ABS(D28)>0.000000000001,F28/D28,"—") | H28: 0.0001 | I28: 1e-06 | J28: =IF(ABS(F28)<=MAX(H28*ABS(D28),I28),"OK","NO") | K28: Fórmula | L28: (R1*(L/2)^3/6-w/24*MAX(L/2-a,0)^4+w/24*MAX(L/2-a-c,0)^4+C1*(L/2))/(E*I) | M28: Barra 1, en x = 0.5·L, flecha vy (plano del alma) · combinación «C1: 1,0·D»
A29: 8 | B29: Viga 2 (plano débil): reacción horizontal en A (se opone a la carga en +Y) | C29: kN | D29: =-$D$15/1000 | E29: -24 | F29: =E29-D29 | G29: =IF(ABS(D29)>0.000000000001,F29/D29,"—") | H29: 0.0001 | I29: 1e-06 | J29: =IF(ABS(F29)<=MAX(H29*ABS(D29),I29),"OK","NO") | K29: Fórmula | L29: -R1/1000 | M29: Reacción Fy en el nudo 3 · combinación «C1: 1,0·D»
A30: 9 | B30: Viga 2 (plano débil): momento débil a media luz | C30: kN·m | D30: =ABS(($D$15*$D$9/2-$D$12*($D$9/2-$D$10)^2/2)/1000000) | E30: 34.5 | F30: =E30-D30 | G30: =IF(ABS(D30)>0.000000000001,F30/D30,"—") | H30: 0.0001 | I30: 1e-06 | J30: =IF(ABS(F30)<=MAX(H30*ABS(D30),I30),"OK","NO") | K30: Fórmula | L30: (R1*L/2-w*(L/2-a)^2/2)/1000000 | M30: Barra 2, en x = 0.5·L, momento flector My (eje débil) · combinación «C1: 1,0·D» | N30: Se comparan valores absolutos (la convención de signo es independiente del resultado).
A31: 10 | B31: Viga 2 (plano débil): flecha horizontal a media luz | C31: mm | D31: =ABS(($D$15*($D$9/2)^3/6-$D$12/24*MAX($D$9/2-$D$10,0)^4+$D$12/24*MAX($D$9/2-$D$10-$D$11,0)^4+$D$18*($D$9/2))/($D$8*$D$14)) | E31: 438.49031 | F31: =E31-D31 | G31: =IF(ABS(D31)>0.000000000001,F31/D31,"—") | H31: 0.0001 | I31: 1e-06 | J31: =IF(ABS(F31)<=MAX(H31*ABS(D31),I31),"OK","NO") | K31: Fórmula | L31: (R1*(L/2)^3/6-w/24*MAX(L/2-a,0)^4+w/24*MAX(L/2-a-c,0)^4+C1*(L/2))/(E*Iy) | M31: Barra 2, en x = 0.5·L, flecha vz · combinación «C1: 1,0·D» | N31: Se comparan valores absolutos (la convención de signo es independiente del resultado).
B33: Comprobaciones dentro de tolerancia | D33: =COUNTIF(J22:J31,"OK") | E33: =ROWS(J22:J31) | F33: =IF(D33=E33,"VERIFICA","DIFIERE")
B34: Azul = dato ingresado o valor que entregó el programa (pegado); negro = fórmula de Excel. El valor «Programa» es el resultado del motor de cálculo de la app para el mismo modelo.

Sheet Ej N03
A1: N03 · Carga trapezoidal sobre toda la luz (uniforme + triangular)
A2: Solución clásica. Fuente: Soluciones clásicas: Timoshenko «Resistencia de materiales» y «Theory of Elastic Stability» (Timoshenko & Gere), Roark «Formulas for Stress and Strain», método de pendiente-deflexión, Ghali & Neville «Structural Analysis» (efectos térmicos y asentamientos)
A3: Enunciado. Viga IPE 200 biapoyada de 6,00 m con una carga trapezoidal que va de 5 kN/m en el apoyo A a 20 kN/m en el apoyo B. Se trata como la suma de una carga uniforme de 5 kN/m y una triangular de 15 kN/m; se comparan reacciones, momento a un cuarto y a media luz, flecha a media luz y los giros de apoyo.
A4: Perfil. IPE 200 (tabla): Ix = 1 943 cm⁴.
A6: DATOS DEL EJERCICIO
A7: # | B7: Dato | C7: Unidad | D7: Valor | K7: Símbolo | L7: Fórmula (texto)
A8: 1 | B8: Módulo elástico | C8: MPa | D8: 200000 | K8: E | L8: dato ingresado
A9: 2 | B9: Luz | C9: mm | D9: 6000 | K9: L | L9: dato ingresado
A10: 3 | B10: Carga en A | C10: kN/m | D10: 5 | K10: w1 | L10: dato ingresado
A11: 4 | B11: Carga en B | C11: kN/m | D11: 20 | K11: w2 | L11: dato ingresado
A12: 5 | B12: Parte triangular | C12: kN/m | D12: =$D$11-$D$10 | K12: dw | L12: valor = w2-w1
A13: 6 | B13: Ix IPE 200 | C13: mm⁴ | D13: 19430000 | K13: I | L13: dato ingresado
A14: 7 | B14: Reacción en A | C14: N | D14: =$D$10*$D$9/2+$D$12*$D$9/6 | K14: RA | L14: valor = w1*L/2+dw*L/6
A15: 8 | B15: Reacción en B | C15: N | D15: =$D$10*$D$9/2+$D$12*$D$9/3 | K15: RB | L15: valor = w1*L/2+dw*L/3
A17: COMPARACIÓN: TEORÍA / DATO PUBLICADO vs PROGRAMA (Atlas Estructuras 3D)
A18: # | B18: Comprobación | C18: Unidad | D18: Teoría / publicado | E18: Programa | F18: Diferencia (prog. − teoría) | G18: Error relativo | H18: Tol. relativa | I18: Tol. absoluta | J18: Estado | K18: Origen | L18: Expresión de la teoría (texto) | M18: Dónde se lee en el programa | N18: Nota
A19: 1 | B19: Reacción en A = w1·L/2 + Δw·L/6 | C19: kN | D19: =$D$14/1000 | E19: 30 | F19: =E19-D19 | G19: =IF(ABS(D19)>0.000000000001,F19/D19,"—") | H19: 0.0001 | I19: 1e-06 | J19: =IF(ABS(F19)<=MAX(H19*ABS(D19),I19),"OK","NO") | K19: Fórmula | L19: RA/1000 | M19: Reacción Fz en el nudo 1 · combinación «C1: 1,0·D»
A20: 2 | B20: Reacción en B = w1·L/2 + Δw·L/3 | C20: kN | D20: =$D$15/1000 | E20: 45 | F20: =E20-D20 | G20: =IF(ABS(D20)>0.000000000001,F20/D20,"—") | H20: 0.0001 | I20: 1e-06 | J20: =IF(ABS(F20)<=MAX(H20*ABS(D20),I20),"OK","NO") | K20: Fórmula | L20: RB/1000 | M20: Reacción Fz en el nudo 2 · combinación «C1: 1,0·D»
A21: 3 | B21: Momento a un cuarto de la luz | C21: kN·m | D21: =ABS(($D$14*$D$9/4-$D$10*($D$9/4)^2/2-$D$12*($D$9/4)^3/(6*$D$9))/1000000) | E21: 37.96875 | F21: =E21-D21 | G21: =IF(ABS(D21)>0.000000000001,F21/D21,"—") | H21: 0.0001 | I21: 1e-06 | J21: =IF(ABS(F21)<=MAX(H21*ABS(D21),I21),"OK","NO") | K21: Fórmula | L21: (RA*L/4-w1*(L/4)^2/2-dw*(L/4)^3/(6*L))/1000000 | M21: Barra 1, en x = 0.25·L, momento flector Mz (eje fuerte) · combinación «C1: 1,0·D» | N21: Se comparan valores absolutos (la convención de signo es independiente del resultado).
A22: 4 | B22: Momento a media luz = w1·L²/8 + Δw·L²/16 | C22: kN·m | D22: =ABS(($D$10*$D$9^2/8+$D$12*$D$9^2/16)/1000000) | E22: 56.25 | F22: =E22-D22 | G22: =IF(ABS(D22)>0.000000000001,F22/D22,"—") | H22: 0.0001 | I22: 1e-06 | J22: =IF(ABS(F22)<=MAX(H22*ABS(D22),I22),"OK","NO") | K22: Fórmula | L22: (w1*L^2/8+dw*L^2/16)/1000000 | M22: Barra 1, en x = 0.5·L, momento flector Mz (eje fuerte) · combinación «C1: 1,0·D» | N22: Se comparan valores absolutos (la convención de signo es independiente del resultado).
A23: 5 | B23: Flecha a media luz = 5·w1·L⁴/(384EI) + 5·Δw·L⁴/(768EI) | C23: mm | D23: =-(5*$D$10*$D$9^4/384+5*$D$12*$D$9^4/768)/($D$8*$D$13) | E23: -54.281395 | F23: =E23-D23 | G23: =IF(ABS(D23)>0.000000000001,F23/D23,"—") | H23: 0.0001 | I23: 1e-06 | J23: =IF(ABS(F23)<=MAX(H23*ABS(D23),I23),"OK","NO") | K23: Fórmula | L23: -(5*w1*L^4/384+5*dw*L^4/768)/(E*I) | M23: Barra 1, en x = 0.5·L, flecha vy (plano del alma) · combinación «C1: 1,0·D»
A24: 6 | B24: Giro en A (extremo menos cargado) | C24: rad | D24: =ABS(($D$10*$D$9^3/24+7*$D$12*$D$9^3/360)/($D$8*$D$13)) | E24: 0.027792074 | F24: =E24-D24 | G24: =IF(ABS(D24)>0.000000000001,F24/D24,"—") | H24: 0.0001 | I24: 1e-06 | J24: =IF(ABS(F24)<=MAX(H24*ABS(D24),I24),"OK","NO") | K24: Fórmula | L24: (w1*L^3/24+7*dw*L^3/360)/(E*I) | M24: Desplazamiento Ry del nudo 1 · combinación «C1: 1,0·D» | N24: Se comparan valores absolutos (la convención de signo es independiente del resultado).
A25: 7 | B25: Giro en B (extremo más cargado) | C25: rad | D25: =ABS(($D$10*$D$9^3/24+$D$12*$D$9^3/45)/($D$8*$D$13)) | E25: 0.03010808 | F25: =E25-D25 | G25: =IF(ABS(D25)>0.000000000001,F25/D25,"—") | H25: 0.0001 | I25: 1e-06 | J25: =IF(ABS(F25)<=MAX(H25*ABS(D25),I25),"OK","NO") | K25: Fórmula | L25: (w1*L^3/24+dw*L^3/45)/(E*I) | M25: Desplazamiento Ry del nudo 2 · combinación «C1: 1,0·D» | N25: Se comparan valores absolutos (la convención de signo es independiente del resultado).
B27: Comprobaciones dentro de tolerancia | D27: =COUNTIF(J19:J25,"OK") | E27: =ROWS(J19:J25) | F27: =IF(D27=E27,"VERIFICA","DIFIERE")
B28: Azul = dato ingresado o valor que entregó el programa (pegado); negro = fórmula de Excel. El valor «Programa» es el resultado del motor de cálculo de la app para el mismo modelo.

Sheet Ej N04
A1: N04 · Temperatura: variación uniforme y gradiente en el canto
A2: Solución clásica. Fuente: Soluciones clásicas: Timoshenko «Resistencia de materiales» y «Theory of Elastic Stability» (Timoshenko & Gere), Roark «Formulas for Stress and Strain», método de pendiente-deflexión, Ghali & Neville «Structural Analysis» (efectos térmicos y asentamientos)
A3: Enunciado. Tres barras IPE 200 independientes. (1) Barra de 3,00 m empotrada en ambos extremos con ΔT = +30 °C uniforme: no puede alargarse, aparece una compresión N = E·A·α·ΔT. (2) Viga biapoyada de 4,00 m con gradiente ΔT = 20 °C entre la cara superior y la inferior: se curva libremente, con flecha central α·ΔT·L²/(8h), giro de apoyo α·ΔT·L/(2h) y sin esfuerzos. (3) Viga de 4,00 m biempotrada con el mismo gradiente: el giro está impedido y el momento es constante e igual a E·I·α·ΔT/h, sin reacciones verticales.
A4: Perfil. IPE 200 (tabla): h = 200 mm, A = 28,5 cm², Ix = 1 943 cm⁴.
A6: DATOS DEL EJERCICIO
A7: # | B7: Dato | C7: Unidad | D7: Valor | K7: Símbolo | L7: Fórmula (texto)
A8: 1 | B8: Módulo elástico | C8: MPa | D8: 200000 | K8: E | L8: dato ingresado
A9: 2 | B9: Coeficiente de dilatación térmica del acero | C9: 1/°C | D9: 1.2e-05 | K9: al | L9: dato ingresado
A10: 3 | B10: Área IPE 200 | C10: mm² | D10: 2850 | K10: A | L10: dato ingresado
A11: 4 | B11: Ix IPE 200 | C11: mm⁴ | D11: 19430000 | K11: I | L11: dato ingresado
A12: 5 | B12: Altura IPE 200 | C12: mm | D12: 200 | K12: h | L12: dato ingresado
A13: 6 | B13: Largo de la barra (1) | C13: mm | D13: 3000 | K13: L1 | L13: dato ingresado
A14: 7 | B14: Variación uniforme de temperatura | C14: °C | D14: 30 | K14: dT | L14: dato ingresado
A15: 8 | B15: Luz de las vigas (2) y (3) | C15: mm | D15: 4000 | K15: L2 | L15: dato ingresado
A16: 9 | B16: Gradiente: T(cara superior) − T(cara inferior) | C16: °C | D16: 20 | K16: dTy | L16: dato ingresado
A18: COMPARACIÓN: TEORÍA / DATO PUBLICADO vs PROGRAMA (Atlas Estructuras 3D)
A19: # | B19: Comprobación | C19: Unidad | D19: Teoría / publicado | E19: Programa | F19: Diferencia (prog. − teoría) | G19: Error relativo | H19: Tol. relativa | I19: Tol. absoluta | J19: Estado | K19: Origen | L19: Expresión de la teoría (texto) | M19: Dónde se lee en el programa | N19: Nota
A20: 1 | B20: (1) Esfuerzo axil N = −E·A·α·ΔT (compresión) | C20: kN | D20: =-$D$8*$D$10*$D$9*$D$14/1000 | E20: -205.2 | F20: =E20-D20 | G20: =IF(ABS(D20)>0.000000000001,F20/D20,"—") | H20: 0.0001 | I20: 1e-06 | J20: =IF(ABS(F20)<=MAX(H20*ABS(D20),I20),"OK","NO") | K20: Fórmula | L20: -E*A*al*dT/1000 | M20: Barra 1, en x = 0.5·L, esfuerzo axil N (tracción +) · combinación «C1: temperatura»
A21: 2 | B21: (1) Reacción horizontal en el empotramiento | C21: kN | D21: =ABS($D$8*$D$10*$D$9*$D$14/1000) | E21: 205.2 | F21: =E21-D21 | G21: =IF(ABS(D21)>0.000000000001,F21/D21,"—") | H21: 0.0001 | I21: 1e-06 | J21: =IF(ABS(F21)<=MAX(H21*ABS(D21),I21),"OK","NO") | K21: Fórmula | L21: E*A*al*dT/1000 | M21: Reacción Fx en el nudo 2 · combinación «C1: temperatura» | N21: Se comparan valores absolutos (la convención de signo es independiente del resultado).
A22: 3 | B22: (1) Alargamiento de la barra (impedido) | C22: mm | D22: =0 | E22: 0 | F22: =E22-D22 | G22: =IF(ABS(D22)>0.000000000001,F22/D22,"—") | H22: 0.0001 | I22: 1e-09 | J22: =IF(ABS(F22)<=MAX(H22*ABS(D22),I22),"OK","NO") | K22: Fórmula | L22: 0 | M22: Barra 1, en x = 0.5·L, alargamiento ux · combinación «C1: temperatura»
A23: 4 | B23: (2) Flecha central de la viga libre = α·ΔT·L²/(8h) | C23: mm | D23: =ABS($D$9*$D$16*$D$15^2/(8*$D$12)) | E23: 2.4 | F23: =E23-D23 | G23: =IF(ABS(D23)>0.000000000001,F23/D23,"—") | H23: 0.0001 | I23: 1e-06 | J23: =IF(ABS(F23)<=MAX(H23*ABS(D23),I23),"OK","NO") | K23: Fórmula | L23: al*dTy*L2^2/(8*h) | M23: Barra 2, en x = 0.5·L, flecha vy (plano del alma) · combinación «C1: temperatura» | N23: Se comparan valores absolutos (la convención de signo es independiente del resultado).
A24: 5 | B24: (2) Giro de apoyo = α·ΔT·L/(2h) | C24: rad | D24: =ABS($D$9*$D$16*$D$15/(2*$D$12)) | E24: 0.0024 | F24: =E24-D24 | G24: =IF(ABS(D24)>0.000000000001,F24/D24,"—") | H24: 0.0001 | I24: 1e-06 | J24: =IF(ABS(F24)<=MAX(H24*ABS(D24),I24),"OK","NO") | K24: Fórmula | L24: al*dTy*L2/(2*h) | M24: Desplazamiento Ry del nudo 3 · combinación «C1: temperatura» | N24: Se comparan valores absolutos (la convención de signo es independiente del resultado).
A25: 6 | B25: (2) Momento en la viga libre | C25: kN·m | D25: =0 | E25: -2.3999993e-09 | F25: =E25-D25 | G25: =IF(ABS(D25)>0.000000000001,F25/D25,"—") | H25: 0.0001 | I25: 1e-06 | J25: =IF(ABS(F25)<=MAX(H25*ABS(D25),I25),"OK","NO") | K25: Fórmula | L25: 0 | M25: Barra 2, en x = 0.5·L, momento flector Mz (eje fuerte) · combinación «C1: temperatura»
A26: 7 | B26: (3) Momento constante E·I·α·ΔT/h (viga biempotrada) | C26: kN·m | D26: =ABS($D$8*$D$11*$D$9*$D$16/$D$12/1000000) | E26: 4.6632 | F26: =E26-D26 | G26: =IF(ABS(D26)>0.000000000001,F26/D26,"—") | H26: 0.0001 | I26: 1e-06 | J26: =IF(ABS(F26)<=MAX(H26*ABS(D26),I26),"OK","NO") | K26: Fórmula | L26: E*I*al*dTy/h/1000000 | M26: Barra 3, en x = 0.5·L, momento flector Mz (eje fuerte) · combinación «C1: temperatura» | N26: Se comparan valores absolutos (la convención de signo es independiente del resultado).
A27: 8 | B27: (3) Momento en el empotramiento (igual al de la mitad) | C27: kN·m | D27: =ABS($D$8*$D$11*$D$9*$D$16/$D$12/1000000) | E27: 4.6632 | F27: =E27-D27 | G27: =IF(ABS(D27)>0.000000000001,F27/D27,"—") | H27: 0.0001 | I27: 1e-06 | J27: =IF(ABS(F27)<=MAX(H27*ABS(D27),I27),"OK","NO") | K27: Fórmula | L27: E*I*al*dTy/h/1000000 | M27: Reacción My en el nudo 5 · combinación «C1: temperatura» | N27: Se comparan valores absolutos (la convención de signo es independiente del resultado).
A28: 9 | B28: (3) Reacción vertical (nula) | C28: kN | D28: =0 | E28: 0 | F28: =E28-D28 | G28: =IF(ABS(D28)>0.000000000001,F28/D28,"—") | H28: 0.0001 | I28: 1e-06 | J28: =IF(ABS(F28)<=MAX(H28*ABS(D28),I28),"OK","NO") | K28: Fórmula | L28: 0 | M28: Reacción Fz en el nudo 5 · combinación «C1: temperatura»
B30: Comprobaciones dentro de tolerancia | D30: =COUNTIF(J20:J28,"OK") | E30: =ROWS(J20:J28) | F30: =IF(D30=E30,"VERIFICA","DIFIERE")
B31: Azul = dato ingresado o valor que entregó el programa (pegado); negro = fórmula de Excel. El valor «Programa» es el resultado del motor de cálculo de la app para el mismo modelo.

Sheet Ej N05
A1: N05 · Apoyos elásticos: resorte vertical y resorte de giro
A2: Solución clásica. Fuente: Soluciones clásicas: Timoshenko «Resistencia de materiales» y «Theory of Elastic Stability» (Timoshenko & Gere), Roark «Formulas for Stress and Strain», método de pendiente-deflexión, Ghali & Neville «Structural Analysis» (efectos térmicos y asentamientos)
A3: Enunciado. Tres modelos con resortes de apoyo. (1) Voladizo IPE 200 de 3,00 m con un resorte vertical ks en el extremo libre y una carga P ahí: δ = P/(3EI/L³ + ks) y la fuerza del resorte es ks·δ. (2) Viga biapoyada de 6,00 m con un resorte vertical ks en el centro y la carga P en el centro: δ = P/(48EI/L³ + ks). (3) Viga de 4,00 m empotrada en un extremo y apoyada en el otro sobre un resorte de giro kθ, con carga uniforme: el momento en el apoyo elástico es (wL²/12)·kθ/(kθ + 4EI/L).
A4: Perfil. IPE 200 (tabla): Ix = 1 943 cm⁴.
A6: DATOS DEL EJERCICIO
A7: # | B7: Dato | C7: Unidad | D7: Valor | K7: Símbolo | L7: Fórmula (texto)
A8: 1 | B8: Módulo elástico | C8: MPa | D8: 200000 | K8: E | L8: dato ingresado
A9: 2 | B9: Ix IPE 200 | C9: mm⁴ | D9: 19430000 | K9: I | L9: dato ingresado
A10: 3 | B10: Largo del voladizo (1) | C10: mm | D10: 3000 | K10: L1 | L10: dato ingresado
A11: 4 | B11: Carga en el extremo (1) | C11: kN | D11: 8 | K11: P1 | L11: dato ingresado
A12: 5 | B12: Resorte vertical (1) | C12: kN/m | D12: 500 | K12: ks1 | L12: dato ingresado
A13: 6 | B13: Rigidez del voladizo | C13: N/mm | D13: =3*$D$8*$D$9/$D$10^3 | K13: kb1 | L13: valor = 3*E*I/L1^3
A14: 7 | B14: Luz de la viga (2) | C14: mm | D14: 6000 | K14: L2 | L14: dato ingresado
A15: 8 | B15: Carga central (2) | C15: kN | D15: 20 | K15: P2 | L15: dato ingresado
A16: 9 | B16: Resorte vertical central (2) | C16: kN/m | D16: 300 | K16: ks2 | L16: dato ingresado
A17: 10 | B17: Rigidez de la viga biapoyada en el centro | C17: N/mm | D17: =48*$D$8*$D$9/$D$14^3 | K17: kb2 | L17: valor = 48*E*I/L2^3
A18: 11 | B18: Largo de la viga (3) | C18: mm | D18: 4000 | K18: L3 | L18: dato ingresado
A19: 12 | B19: Carga uniforme (3) | C19: kN/m | D19: 15 | K19: w3 | L19: dato ingresado
A20: 13 | B20: Resorte de giro (3) | C20: kN·m/rad | D20: 800 | K20: kt | L20: dato ingresado
A21: 14 | B21: Resorte de giro en N·mm/rad | C21: N·mm/rad | D21: =$D$20*1000000 | K21: ktn | L21: valor = kt*1000000
A22: 15 | B22: Giro del apoyo elástico (3) | C22: rad | D22: =$D$19*$D$18^2/12/($D$21+4*$D$8*$D$9/$D$18) | K22: th3 | L22: valor = w3*L3^2/12/(ktn+4*E*I/L3)
A24: COMPARACIÓN: TEORÍA / DATO PUBLICADO vs PROGRAMA (Atlas Estructuras 3D)
A25: # | B25: Comprobación | C25: Unidad | D25: Teoría / publicado | E25: Programa | F25: Diferencia (prog. − teoría) | G25: Error relativo | H25: Tol. relativa | I25: Tol. absoluta | J25: Estado | K25: Origen | L25: Expresión de la teoría (texto) | M25: Dónde se lee en el programa | N25: Nota
A26: 1 | B26: (1) Flecha del extremo = P/(3EI/L³ + ks) | C26: mm | D26: =-$D$11*1000/($D$13+$D$12) | E26: -8.5857381 | F26: =E26-D26 | G26: =IF(ABS(D26)>0.000000000001,F26/D26,"—") | H26: 0.0001 | I26: 1e-06 | J26: =IF(ABS(F26)<=MAX(H26*ABS(D26),I26),"OK","NO") | K26: Fórmula | L26: -P1*1000/(kb1+ks1) | M26: Desplazamiento Uz del nudo 2 · combinación «C1: 1,0·D»
A27: 2 | B27: (1) Reacción del resorte = ks·δ | C27: kN | D27: =$D$12*$D$11*1000/($D$13+$D$12)/1000 | E27: 4.2928691 | F27: =E27-D27 | G27: =IF(ABS(D27)>0.000000000001,F27/D27,"—") | H27: 0.0001 | I27: 1e-06 | J27: =IF(ABS(F27)<=MAX(H27*ABS(D27),I27),"OK","NO") | K27: Fórmula | L27: ks1*P1*1000/(kb1+ks1)/1000 | M27: Reacción Fz en el nudo 2 · combinación «C1: 1,0·D»
A28: 3 | B28: (1) Reacción en el empotramiento = P − ks·δ | C28: kN | D28: =$D$11-$D$12*$D$11*1000/($D$13+$D$12)/1000 | E28: 3.7071309 | F28: =E28-D28 | G28: =IF(ABS(D28)>0.000000000001,F28/D28,"—") | H28: 0.0001 | I28: 1e-06 | J28: =IF(ABS(F28)<=MAX(H28*ABS(D28),I28),"OK","NO") | K28: Fórmula | L28: P1-ks1*P1*1000/(kb1+ks1)/1000 | M28: Reacción Fz en el nudo 1 · combinación «C1: 1,0·D»
A29: 4 | B29: (2) Flecha central = P/(48EI/L³ + ks) | C29: mm | D29: =-$D$15*1000/($D$17+$D$16) | E29: -17.188694 | F29: =E29-D29 | G29: =IF(ABS(D29)>0.000000000001,F29/D29,"—") | H29: 0.0001 | I29: 1e-06 | J29: =IF(ABS(F29)<=MAX(H29*ABS(D29),I29),"OK","NO") | K29: Fórmula | L29: -P2*1000/(kb2+ks2) | M29: Desplazamiento Uz del nudo 4 · combinación «C1: 1,0·D»
A30: 5 | B30: (2) Reacción del resorte = ks·δ | C30: kN | D30: =$D$16*$D$15*1000/($D$17+$D$16)/1000 | E30: 5.1566081 | F30: =E30-D30 | G30: =IF(ABS(D30)>0.000000000001,F30/D30,"—") | H30: 0.0001 | I30: 1e-06 | J30: =IF(ABS(F30)<=MAX(H30*ABS(D30),I30),"OK","NO") | K30: Fórmula | L30: ks2*P2*1000/(kb2+ks2)/1000 | M30: Reacción Fz en el nudo 4 · combinación «C1: 1,0·D»
A31: 6 | B31: (2) Reacción en un apoyo extremo = (P − ks·δ)/2 | C31: kN | D31: =($D$15-$D$16*$D$15*1000/($D$17+$D$16)/1000)/2 | E31: 7.421696 | F31: =E31-D31 | G31: =IF(ABS(D31)>0.000000000001,F31/D31,"—") | H31: 0.0001 | I31: 1e-06 | J31: =IF(ABS(F31)<=MAX(H31*ABS(D31),I31),"OK","NO") | K31: Fórmula | L31: (P2-ks2*P2*1000/(kb2+ks2)/1000)/2 | M31: Reacción Fz en el nudo 3 · combinación «C1: 1,0·D»
A32: 7 | B32: (3) Giro del apoyo elástico | C32: rad | D32: =ABS($D$22) | E32: 0.0042680324 | F32: =E32-D32 | G32: =IF(ABS(D32)>0.000000000001,F32/D32,"—") | H32: 0.0001 | I32: 1e-06 | J32: =IF(ABS(F32)<=MAX(H32*ABS(D32),I32),"OK","NO") | K32: Fórmula | L32: th3 | M32: Desplazamiento Ry del nudo 6 · combinación «C1: 1,0·D» | N32: Se comparan valores absolutos (la convención de signo es independiente del resultado).
A33: 8 | B33: (3) Momento en el apoyo elástico = kθ·θ | C33: kN·m | D33: =ABS($D$21*$D$22/1000000) | E33: 3.4144259 | F33: =E33-D33 | G33: =IF(ABS(D33)>0.000000000001,F33/D33,"—") | H33: 0.0001 | I33: 1e-06 | J33: =IF(ABS(F33)<=MAX(H33*ABS(D33),I33),"OK","NO") | K33: Fórmula | L33: ktn*th3/1000000 | M33: Reacción My en el nudo 6 · combinación «C1: 1,0·D» | N33: Se comparan valores absolutos (la convención de signo es independiente del resultado).
A34: 9 | B34: (3) Momento de empotramiento = wL²/12·(kθ+6EI/L)/(kθ+4EI/L) | C34: kN·m | D34: =ABS($D$19*$D$18^2/12*($D$21+6*$D$8*$D$9/$D$18)/($D$21+4*$D$8*$D$9/$D$18)/1000000) | E34: 28.292787 | F34: =E34-D34 | G34: =IF(ABS(D34)>0.000000000001,F34/D34,"—") | H34: 0.0001 | I34: 1e-06 | J34: =IF(ABS(F34)<=MAX(H34*ABS(D34),I34),"OK","NO") | K34: Fórmula | L34: w3*L3^2/12*(ktn+6*E*I/L3)/(ktn+4*E*I/L3)/1000000 | M34: Reacción My en el nudo 7 · combinación «C1: 1,0·D» | N34: Se comparan valores absolutos (la convención de signo es independiente del resultado).
B36: Comprobaciones dentro de tolerancia | D36: =COUNTIF(J26:J34,"OK") | E36: =ROWS(J26:J34) | F36: =IF(D36=E36,"VERIFICA","DIFIERE")
B37: Azul = dato ingresado o valor que entregó el programa (pegado); negro = fórmula de Excel. El valor «Programa» es el resultado del motor de cálculo de la app para el mismo modelo.

Sheet Ej N06
A1: N06 · Asentamientos impuestos de apoyo
A2: Solución clásica. Fuente: Soluciones clásicas: Timoshenko «Resistencia de materiales» y «Theory of Elastic Stability» (Timoshenko & Gere), Roark «Formulas for Stress and Strain», método de pendiente-deflexión, Ghali & Neville «Structural Analysis» (efectos térmicos y asentamientos)
A3: Enunciado. Tres modelos con descenso impuesto de un apoyo (caso de carga A). (1) Viga IPE 200 de 4,00 m biempotrada con el apoyo derecho 10 mm más abajo: M = 6EIΔ/L² en ambos extremos y corte V = 12EIΔ/L³. (2) Viga continua de dos tramos de 5,00 m con 15 mm de descenso del apoyo central: R_B = 6EIδ/L³ (hacia abajo), R_A = R_C = 3EIδ/L³ y M_B = 3EIδ/L². (3) Voladizo de 3,00 m con un resorte en el extremo cuya base desciende 20 mm: δ = ks·s/(ks + 3EI/L³). (4) Viga biempotrada de 4,00 m con giro impuesto de 5 mrad en el empotramiento izquierdo: M_i = 4EIθ/L, M_j = 2EIθ/L y corte 6EIθ/L².
A4: Perfil. IPE 200 (tabla): Ix = 1 943 cm⁴.
A6: DATOS DEL EJERCICIO
A7: # | B7: Dato | C7: Unidad | D7: Valor | K7: Símbolo | L7: Fórmula (texto)
A8: 1 | B8: Módulo elástico | C8: MPa | D8: 200000 | K8: E | L8: dato ingresado
A9: 2 | B9: Ix IPE 200 | C9: mm⁴ | D9: 19430000 | K9: I | L9: dato ingresado
A10: 3 | B10: Luz de la viga (1) | C10: mm | D10: 4000 | K10: L1 | L10: dato ingresado
A11: 4 | B11: Descenso del apoyo derecho (1) | C11: mm | D11: 10 | K11: D1 | L11: dato ingresado
A12: 5 | B12: Luz de cada tramo (2) | C12: mm | D12: 5000 | K12: L2 | L12: dato ingresado
A13: 6 | B13: Descenso del apoyo central (2) | C13: mm | D13: 15 | K13: D2 | L13: dato ingresado
A14: 7 | B14: Largo del voladizo (3) | C14: mm | D14: 3000 | K14: L3 | L14: dato ingresado
A15: 8 | B15: Resorte del extremo (3) | C15: kN/m | D15: 400 | K15: ks3 | L15: dato ingresado
A16: 9 | B16: Descenso de la base del resorte (3) | C16: mm | D16: 20 | K16: D3 | L16: dato ingresado
A17: 10 | B17: Rigidez del voladizo | C17: N/mm | D17: =3*$D$8*$D$9/$D$14^3 | K17: kb3 | L17: valor = 3*E*I/L3^3
A18: 11 | B18: Luz de la viga (4) | C18: mm | D18: 4000 | K18: L4 | L18: dato ingresado
A19: 12 | B19: Giro impuesto del empotramiento izquierdo (4) | C19: mrad | D19: 5 | K19: R4 | L19: dato ingresado
A20: 13 | B20: Giro impuesto | C20: rad | D20: =$D$19/1000 | K20: th4 | L20: valor = R4/1000
A22: COMPARACIÓN: TEORÍA / DATO PUBLICADO vs PROGRAMA (Atlas Estructuras 3D)
A23: # | B23: Comprobación | C23: Unidad | D23: Teoría / publicado | E23: Programa | F23: Diferencia (prog. − teoría) | G23: Error relativo | H23: Tol. relativa | I23: Tol. absoluta | J23: Estado | K23: Origen | L23: Expresión de la teoría (texto) | M23: Dónde se lee en el programa | N23: Nota
A24: 1 | B24: (1) Momento en el extremo izquierdo = 6EIΔ/L² | C24: kN·m | D24: =ABS(6*$D$8*$D$9*$D$11/$D$10^2/1000000) | E24: 14.5725 | F24: =E24-D24 | G24: =IF(ABS(D24)>0.000000000001,F24/D24,"—") | H24: 0.0001 | I24: 1e-06 | J24: =IF(ABS(F24)<=MAX(H24*ABS(D24),I24),"OK","NO") | K24: Fórmula | L24: 6*E*I*D1/L1^2/1000000 | M24: Barra 1, en x = 0·L, momento flector Mz (eje fuerte) · combinación «C1: asentamiento» | N24: Se comparan valores absolutos (la convención de signo es independiente del resultado).
A25: 2 | B25: (1) Momento en el extremo derecho | C25: kN·m | D25: =ABS(6*$D$8*$D$9*$D$11/$D$10^2/1000000) | E25: 14.5725 | F25: =E25-D25 | G25: =IF(ABS(D25)>0.000000000001,F25/D25,"—") | H25: 0.0001 | I25: 1e-06 | J25: =IF(ABS(F25)<=MAX(H25*ABS(D25),I25),"OK","NO") | K25: Fórmula | L25: 6*E*I*D1/L1^2/1000000 | M25: Barra 1, en x = 1·L, momento flector Mz (eje fuerte) · combinación «C1: asentamiento» | N25: Se comparan valores absolutos (la convención de signo es independiente del resultado).
A26: 3 | B26: (1) Corte constante = 12EIΔ/L³ | C26: kN | D26: =ABS(12*$D$8*$D$9*$D$11/$D$10^3/1000) | E26: 7.28625 | F26: =E26-D26 | G26: =IF(ABS(D26)>0.000000000001,F26/D26,"—") | H26: 0.0001 | I26: 1e-06 | J26: =IF(ABS(F26)<=MAX(H26*ABS(D26),I26),"OK","NO") | K26: Fórmula | L26: 12*E*I*D1/L1^3/1000 | M26: Barra 1, en x = 0.5·L, corte Vy (en el plano del alma) · combinación «C1: asentamiento» | N26: Se comparan valores absolutos (la convención de signo es independiente del resultado).
A27: 4 | B27: (1) Reacción vertical en el apoyo izquierdo | C27: kN | D27: =ABS(12*$D$8*$D$9*$D$11/$D$10^3/1000) | E27: 7.28625 | F27: =E27-D27 | G27: =IF(ABS(D27)>0.000000000001,F27/D27,"—") | H27: 0.0001 | I27: 1e-06 | J27: =IF(ABS(F27)<=MAX(H27*ABS(D27),I27),"OK","NO") | K27: Fórmula | L27: 12*E*I*D1/L1^3/1000 | M27: Reacción Fz en el nudo 1 · combinación «C1: asentamiento» | N27: Se comparan valores absolutos (la convención de signo es independiente del resultado).
A28: 5 | B28: (1) Desplazamiento impuesto del apoyo derecho | C28: mm | D28: =-$D$11 | E28: -10 | F28: =E28-D28 | G28: =IF(ABS(D28)>0.000000000001,F28/D28,"—") | H28: 0.0001 | I28: 1e-06 | J28: =IF(ABS(F28)<=MAX(H28*ABS(D28),I28),"OK","NO") | K28: Fórmula | L28: -D1 | M28: Desplazamiento Uz del nudo 2 · combinación «C1: asentamiento»
A29: 6 | B29: (2) Reacción en el apoyo central = 6EIδ/L³ | C29: kN | D29: =ABS(6*$D$8*$D$9*$D$13/$D$12^3/1000) | E29: 2.79792 | F29: =E29-D29 | G29: =IF(ABS(D29)>0.000000000001,F29/D29,"—") | H29: 0.0001 | I29: 1e-06 | J29: =IF(ABS(F29)<=MAX(H29*ABS(D29),I29),"OK","NO") | K29: Fórmula | L29: 6*E*I*D2/L2^3/1000 | M29: Reacción Fz en el nudo 4 · combinación «C1: asentamiento» | N29: Se comparan valores absolutos (la convención de signo es independiente del resultado).
A30: 7 | B30: (2) Reacción en un apoyo extremo = 3EIδ/L³ | C30: kN | D30: =ABS(3*$D$8*$D$9*$D$13/$D$12^3/1000) | E30: 1.39896 | F30: =E30-D30 | G30: =IF(ABS(D30)>0.000000000001,F30/D30,"—") | H30: 0.0001 | I30: 1e-06 | J30: =IF(ABS(F30)<=MAX(H30*ABS(D30),I30),"OK","NO") | K30: Fórmula | L30: 3*E*I*D2/L2^3/1000 | M30: Reacción Fz en el nudo 3 · combinación «C1: asentamiento» | N30: Se comparan valores absolutos (la convención de signo es independiente del resultado).
A31: 8 | B31: (2) Momento sobre el apoyo central = 3EIδ/L² | C31: kN·m | D31: =ABS(3*$D$8*$D$9*$D$13/$D$12^2/1000000) | E31: 6.9948 | F31: =E31-D31 | G31: =IF(ABS(D31)>0.000000000001,F31/D31,"—") | H31: 0.0001 | I31: 1e-06 | J31: =IF(ABS(F31)<=MAX(H31*ABS(D31),I31),"OK","NO") | K31: Fórmula | L31: 3*E*I*D2/L2^2/1000000 | M31: Barra 2, en x = 1·L, momento flector Mz (eje fuerte) · combinación «C1: asentamiento» | N31: Se comparan valores absolutos (la convención de signo es independiente del resultado).
A32: 9 | B32: (3) Desplazamiento del extremo = ks·s/(ks + 3EI/L³) | C32: mm | D32: =-$D$15*$D$16/($D$15+$D$17) | E32: -9.6179535 | F32: =E32-D32 | G32: =IF(ABS(D32)>0.000000000001,F32/D32,"—") | H32: 0.0001 | I32: 1e-06 | J32: =IF(ABS(F32)<=MAX(H32*ABS(D32),I32),"OK","NO") | K32: Fórmula | L32: -ks3*D3/(ks3+kb3) | M32: Desplazamiento Uz del nudo 7 · combinación «C1: asentamiento»
A33: 10 | B33: (3) Momento de empotramiento = kb·δ·L | C33: kN·m | D33: =ABS($D$17*$D$15*$D$16/($D$15+$D$17)*$D$14/1000000) | E33: 12.458456 | F33: =E33-D33 | G33: =IF(ABS(D33)>0.000000000001,F33/D33,"—") | H33: 0.0001 | I33: 1e-06 | J33: =IF(ABS(F33)<=MAX(H33*ABS(D33),I33),"OK","NO") | K33: Fórmula | L33: kb3*ks3*D3/(ks3+kb3)*L3/1000000 | M33: Reacción My en el nudo 6 · combinación «C1: asentamiento» | N33: Se comparan valores absolutos (la convención de signo es independiente del resultado).
A34: 11 | B34: (4) Momento en el empotramiento con giro impuesto = 4EIθ/L | C34: kN·m | D34: =ABS(4*$D$8*$D$9*$D$20/$D$18/1000000) | E34: 19.43 | F34: =E34-D34 | G34: =IF(ABS(D34)>0.000000000001,F34/D34,"—") | H34: 0.0001 | I34: 1e-06 | J34: =IF(ABS(F34)<=MAX(H34*ABS(D34),I34),"OK","NO") | K34: Fórmula | L34: 4*E*I*th4/L4/1000000 | M34: Barra 5, en x = 0·L, momento flector Mz (eje fuerte) · combinación «C1: asentamiento» | N34: Se comparan valores absolutos (la convención de signo es independiente del resultado).
A35: 12 | B35: (4) Momento en el otro empotramiento = 2EIθ/L | C35: kN·m | D35: =ABS(2*$D$8*$D$9*$D$20/$D$18/1000000) | E35: 9.715 | F35: =E35-D35 | G35: =IF(ABS(D35)>0.000000000001,F35/D35,"—") | H35: 0.0001 | I35: 1e-06 | J35: =IF(ABS(F35)<=MAX(H35*ABS(D35),I35),"OK","NO") | K35: Fórmula | L35: 2*E*I*th4/L4/1000000 | M35: Barra 5, en x = 1·L, momento flector Mz (eje fuerte) · combinación «C1: asentamiento» | N35: Se comparan valores absolutos (la convención de signo es independiente del resultado).
A36: 13 | B36: (4) Corte constante = 6EIθ/L² | C36: kN | D36: =ABS(6*$D$8*$D$9*$D$20/$D$18^2/1000) | E36: 7.28625 | F36: =E36-D36 | G36: =IF(ABS(D36)>0.000000000001,F36/D36,"—") | H36: 0.0001 | I36: 1e-06 | J36: =IF(ABS(F36)<=MAX(H36*ABS(D36),I36),"OK","NO") | K36: Fórmula | L36: 6*E*I*th4/L4^2/1000 | M36: Barra 5, en x = 0.5·L, corte Vy (en el plano del alma) · combinación «C1: asentamiento» | N36: Se comparan valores absolutos (la convención de signo es independiente del resultado).
A37: 14 | B37: (4) Giro impuesto del nudo | C37: rad | D37: =ABS($D$20) | E37: 0.005 | F37: =E37-D37 | G37: =IF(ABS(D37)>0.000000000001,F37/D37,"—") | H37: 0.0001 | I37: 1e-06 | J37: =IF(ABS(F37)<=MAX(H37*ABS(D37),I37),"OK","NO") | K37: Fórmula | L37: th4 | M37: Desplazamiento Ry del nudo 8 · combinación «C1: asentamiento» | N37: Se comparan valores absolutos (la convención de signo es independiente del resultado).
B39: Comprobaciones dentro de tolerancia | D39: =COUNTIF(J24:J37,"OK") | E39: =ROWS(J24:J37) | F39: =IF(D39=E39,"VERIFICA","DIFIERE")
B40: Azul = dato ingresado o valor que entregó el programa (pegado); negro = fórmula de Excel. El valor «Programa» es el resultado del motor de cálculo de la app para el mismo modelo.

Sheet Ej N07
A1: N07 · Uniones semirrígidas (resorte de giro en el extremo de la barra)
